1,1800,CDS,+,A4A68_RS00005
1816,2805,CDS,+,A4A68_RS00010
2971,3651,CDS,+,A4A68_RS00015
3648,4541,CDS,+,A4A68_RS00020
5093,>5197,pseudogene,-,A4A68_RS03300
5093,>5197,CDS,-,A4A68_RS03300
5550,6359,CDS,+,A4A68_RS00025
6840,7628,CDS,+,A4A68_RS00030
9503,10270,CDS,-,tsaB
11028,11834,CDS,-,A4A68_RS00040
12331,13797,CDS,-,zwf
14354,15100,pseudogene,-,A4A68_RS03070
14354,15100,CDS,-,A4A68_RS03070
15137,15616,CDS,-,A4A68_RS00055
16972,17697,CDS,-,lptB
17703,18239,CDS,-,A4A68_RS00065
18214,18792,CDS,-,lptC
18812,19247,pseudogene,-,A4A68_RS03110
18812,19247,CDS,-,A4A68_RS03110
19313,20299,CDS,-,A4A68_RS00080
20918,21718,CDS,+,A4A68_RS00085
21735,22517,CDS,+,A4A68_RS00090
22522,23061,CDS,+,mlaD
23229,23864,CDS,+,A4A68_RS00100
23857,24195,CDS,+,A4A68_RS00105
24613,25977,CDS,+,A4A68_RS00110
26046,26294,CDS,+,A4A68_RS00115
26314,26865,CDS,+,rimM
26904,27656,CDS,+,trmD
27721,28068,CDS,+,rplS
28187,28276,tRNA,+,A4A68_RS00135
28509,29618,CDS,-,A4A68_RS00140
30293,30547,CDS,+,A4A68_RS00145
30602,31861,CDS,+,murA
32536,33906,CDS,-,A4A68_RS00155
34104,34417,pseudogene,-,A4A68_RS00160
34104,34417,CDS,-,A4A68_RS00160
35266,35694,CDS,+,A4A68_RS00165
35710,36102,CDS,+,A4A68_RS00170
37694,38419,CDS,+,A4A68_RS00175
39307,39837,CDS,+,A4A68_RS00180
42022,43377,CDS,+,A4A68_RS00185
45134,45883,CDS,-,A4A68_RS00190
45936,46427,CDS,+,A4A68_RS00195
47081,47617,CDS,+,A4A68_RS00200
48159,48392,CDS,+,A4A68_RS00205
48419,48739,CDS,-,A4A68_RS03305
48892,49077,CDS,-,A4A68_RS03310
50171,52561,CDS,-,A4A68_RS00220
52576,53571,CDS,-,A4A68_RS00225
53841,54209,CDS,-,A4A68_RS00230
54234,54431,CDS,-,A4A68_RS00235
54517,55056,CDS,-,A4A68_RS00240
55060,56994,CDS,-,A4A68_RS00245
57441,59111,CDS,+,A4A68_RS00250
59068,59511,CDS,+,A4A68_RS00255
59935,60010,tRNA,-,A4A68_RS00260
61413,61991,CDS,+,A4A68_RS00265
62199,63311,CDS,-,A4A68_RS00270
63318,65222,CDS,-,A4A68_RS00275
65673,65819,CDS,-,A4A68_RS03120
66186,67217,CDS,-,A4A68_RS00280
67249,67833,CDS,-,A4A68_RS00285
67848,70421,CDS,-,leuS
70865,72901,CDS,+,A4A68_RS00295
73247,75008,pseudogene,-,A4A68_RS00300
73247,75008,CDS,-,A4A68_RS00300
75089,75991,CDS,-,A4A68_RS00305
75988,76236,CDS,-,A4A68_RS00310
76438,77889,CDS,+,A4A68_RS00315
77982,78572,CDS,-,A4A68_RS00320
79220,81787,CDS,+,mutS
83271,84614,CDS,-,A4A68_RS00330
84731,85062,pseudogene,+,A4A68_RS03315
84731,85062,CDS,+,A4A68_RS03315
85280,86153,pseudogene,+,A4A68_RS03320
85280,86153,CDS,+,A4A68_RS03320
86110,87677,pseudogene,+,A4A68_RS00340
86110,87677,CDS,+,A4A68_RS00340
88905,89681,pseudogene,-,dapD
88905,89681,CDS,-,dapD
89924,90889,CDS,-,A4A68_RS00350
92187,93018,pseudogene,+,A4A68_RS00355
92187,93018,CDS,+,A4A68_RS00355
93255,93602,CDS,+,A4A68_RS00360
94040,>94180,pseudogene,+,A4A68_RS03125
94040,>94180,CDS,+,A4A68_RS03125
94396,94563,CDS,-,rpmG
94580,94816,CDS,-,A4A68_RS00370
95825,96868,CDS,+,A4A68_RS00375
96961,98025,CDS,+,A4A68_RS00380
98022,98510,CDS,+,mreD
99396,101207,CDS,+,typA
101677,102786,CDS,+,mnmA
102894,103523,CDS,+,A4A68_RS00400
103543,104797,pseudogene,+,A4A68_RS00405
103543,104797,CDS,+,A4A68_RS00405
104952,105623,CDS,+,A4A68_RS00410
105629,107095,CDS,+,A4A68_RS00415
107722,108425,pseudogene,+,A4A68_RS00420
107722,108425,CDS,+,A4A68_RS00420
110715,111332,CDS,+,A4A68_RS00430
111911,112534,CDS,+,clpP
112647,113921,CDS,+,clpX
114025,116439,CDS,+,A4A68_RS00445
116614,116886,CDS,+,A4A68_RS00450
117431,117913,CDS,+,smpB
117959,118340,tmRNA,+,ssrA
118957,119904,CDS,+,A4A68_RS00465
119901,120089,CDS,+,A4A68_RS00470
120221,121537,pseudogene,+,A4A68_RS00475
120221,121537,CDS,+,A4A68_RS00475
121524,123011,CDS,+,A4A68_RS00480
123008,124375,CDS,+,A4A68_RS00485
124369,125454,CDS,+,A4A68_RS00490
125454,126767,CDS,+,A4A68_RS00495
126767,127296,pseudogene,+,A4A68_RS03130
126767,127296,CDS,+,A4A68_RS03130
127293,128360,CDS,+,murG
128407,129873,CDS,+,A4A68_RS00510
130267,131523,CDS,+,A4A68_RS00515
131714,132883,CDS,+,A4A68_RS00520
132988,133905,CDS,+,lpxC
134012,134371,CDS,-,A4A68_RS00530
134931,137636,CDS,+,A4A68_RS00535
137764,138108,CDS,+,A4A68_RS00540
138295,139173,CDS,-,A4A68_RS00545
139594,140271,CDS,-,A4A68_RS00550
141621,143345,CDS,-,A4A68_RS00555
144559,145044,CDS,-,lspA
145044,147860,CDS,-,A4A68_RS00565
147892,148810,pseudogene,-,A4A68_RS00570
147892,148810,CDS,-,A4A68_RS00570
149019,149282,CDS,+,A4A68_RS00575
149879,150349,CDS,+,A4A68_RS00580
150364,150783,CDS,+,A4A68_RS00585
151291,151791,CDS,+,A4A68_RS00590
152456,152886,pseudogene,-,A4A68_RS00595
152456,152886,CDS,-,A4A68_RS00595
154462,155460,CDS,+,A4A68_RS00600
155695,156909,CDS,-,A4A68_RS00605
158330,159193,CDS,+,A4A68_RS00610
159934,160668,CDS,-,A4A68_RS00615
160748,163009,CDS,-,parC
164624,165898,CDS,-,A4A68_RS00625
166675,167355,CDS,+,A4A68_RS00630
167592,167665,tRNA,-,A4A68_RS00635
169680,171057,pseudogene,+,A4A68_RS03135
169680,171057,CDS,+,A4A68_RS03135
171611,171880,CDS,-,A4A68_RS00650
172155,173792,CDS,+,pyrG
173871,175190,CDS,+,A4A68_RS00660
175967,177307,CDS,-,A4A68_RS00665
178409,179806,CDS,+,A4A68_RS00670
180587,181711,CDS,+,A4A68_RS00675
181737,182069,CDS,+,A4A68_RS00680
182095,183942,CDS,+,secD
184012,184902,CDS,+,secF
185161,185376,CDS,-,rpmE
185508,187703,CDS,+,A4A68_RS00700
188043,188861,CDS,-,ksgA
188854,189823,pseudogene,-,pdxA
188854,189823,CDS,-,pdxA
189832,191127,CDS,-,A4A68_RS00715
191193,193547,CDS,-,A4A68_RS00720
193695,194500,pseudogene,+,A4A68_RS00725
193695,194500,CDS,+,A4A68_RS00725
194901,196154,CDS,+,A4A68_RS00730
198520,199677,CDS,-,A4A68_RS00735
199845,200096,CDS,-,A4A68_RS03140
200630,201580,CDS,-,A4A68_RS00745
201603,202118,CDS,-,A4A68_RS00750
202936,203412,CDS,+,A4A68_RS00755
203595,203765,pseudogene,-,A4A68_RS03145
203595,203765,CDS,-,A4A68_RS03145
203898,204542,CDS,+,A4A68_RS00760
204569,206494,CDS,+,A4A68_RS00765
206626,207346,pseudogene,+,folP
206626,207346,CDS,+,folP
207664,207870,CDS,-,A4A68_RS00770
209268,209720,CDS,+,aroQ
209741,210199,CDS,+,A4A68_RS00780
210678,211301,CDS,+,A4A68_RS00785
211350,211625,CDS,+,A4A68_RS00790
211646,>212997,pseudogene,+,A4A68_RS00795
211646,>212997,CDS,+,A4A68_RS00795
213690,213766,tRNA,-,A4A68_RS00800
213775,213866,tRNA,-,A4A68_RS00805
214093,214227,CDS,-,A4A68_RS03155
214429,217065,CDS,-,A4A68_RS00810
217483,219003,CDS,-,lysS
219003,220100,CDS,-,prfB
220218,221960,CDS,-,A4A68_RS00825
223610,224125,CDS,+,A4A68_RS00830
224334,226187,CDS,+,A4A68_RS00835
227526,229520,CDS,-,tkt
230928,231371,CDS,+,A4A68_RS00845
231836,233368,CDS,-,mviN
233765,233884,CDS,+,A4A68_RS03160
234045,234383,CDS,-,A4A68_RS00855
234497,235318,CDS,+,A4A68_RS00860
237700,237882,CDS,-,A4A68_RS00865
239275,240263,pseudogene,-,A4A68_RS03165
239275,240263,CDS,-,A4A68_RS03165
240422,243640,CDS,-,A4A68_RS00875
244080,245048,CDS,+,A4A68_RS00880
245473,245661,CDS,+,A4A68_RS00885
245726,245917,CDS,+,A4A68_RS00890
246853,247806,CDS,+,A4A68_RS00895
247823,248770,CDS,+,fabD
248776,249510,CDS,+,fabG
249662,249895,CDS,+,A4A68_RS00910
251870,251946,tRNA,-,A4A68_RS00915
252822,253256,CDS,+,A4A68_RS00920
253327,253794,CDS,-,A4A68_RS00925
254517,255935,CDS,-,lpdA
256089,257843,CDS,-,aceF
257859,260525,CDS,-,aceE
262185,264473,CDS,+,A4A68_RS00945
264533,264862,CDS,+,A4A68_RS00950
266050,269156,pseudogene,+,A4A68_RS00955
266050,269156,CDS,+,A4A68_RS00955
269357,270065,pseudogene,-,A4A68_RS03170
269357,270065,CDS,-,A4A68_RS03170
270327,271121,CDS,-,A4A68_RS00965
271370,273715,CDS,-,A4A68_RS00970
274217,>274413,pseudogene,-,A4A68_RS03325
274217,>274413,CDS,-,A4A68_RS03325
274966,275970,CDS,-,A4A68_RS00975
275974,277215,CDS,-,A4A68_RS00980
277741,278046,CDS,-,A4A68_RS00985
278285,279271,CDS,-,A4A68_RS00990
279962,280141,CDS,-,A4A68_RS00995
280207,281268,pseudogene,-,A4A68_RS03180
280207,281268,CDS,-,A4A68_RS03180
281317,282870,CDS,-,A4A68_RS01010
282867,283352,CDS,-,A4A68_RS01015
284789,285748,CDS,+,A4A68_RS01020
286217,287251,CDS,-,A4A68_RS01025
288769,289080,CDS,+,rplU
289681,290160,CDS,-,A4A68_RS01035
290216,290404,CDS,+,A4A68_RS01040
290973,291368,CDS,+,A4A68_RS01045
291372,291692,CDS,+,A4A68_RS01050
291697,291924,CDS,+,rpsR
292407,292856,CDS,+,A4A68_RS01060
293201,293806,CDS,-,A4A68_RS01065
293866,294137,pseudogene,-,A4A68_RS03185
293866,294137,CDS,-,A4A68_RS03185
294354,294450,ncRNA,-,ffs
295860,295936,tRNA,-,A4A68_RS01075
297178,297525,CDS,+,A4A68_RS01080
297855,298436,CDS,+,A4A68_RS01085
299889,300083,CDS,-,infA
300449,302179,CDS,-,A4A68_RS01095
302182,303945,CDS,-,A4A68_RS01100
306233,307282,CDS,-,A4A68_RS01105
307783,308892,CDS,-,A4A68_RS01110
310022,310333,CDS,-,A4A68_RS01115
310764,312122,CDS,-,A4A68_RS01120
312464,314104,CDS,-,A4A68_RS01125
314117,314365,CDS,-,A4A68_RS03190
314344,314688,CDS,-,A4A68_RS01130
314705,314848,CDS,-,A4A68_RS01135
315361,315963,CDS,+,A4A68_RS01140
317013,319586,CDS,+,A4A68_RS01145
320410,321669,CDS,-,rho
322761,323087,CDS,-,trxA
325667,327397,CDS,+,A4A68_RS01160
327839,329142,pseudogene,-,A4A68_RS03195
327839,329142,CDS,-,A4A68_RS03195
329710,330357,CDS,+,A4A68_RS01165
331140,331224,tRNA,-,A4A68_RS01170
331511,331586,tRNA,-,A4A68_RS01175
332085,332157,tRNA,-,A4A68_RS01180
332181,332253,tRNA,-,A4A68_RS01185
332481,333908,CDS,+,A4A68_RS01190
333996,334071,tRNA,+,A4A68_RS01195
335433,336851,CDS,+,tilS
338213,339175,CDS,+,pfkA
339427,339657,CDS,-,A4A68_RS03085
339658,340477,pseudogene,-,A4A68_RS03200
339658,340477,CDS,-,A4A68_RS03200
341874,342875,CDS,+,A4A68_RS01215
344347,345792,CDS,-,A4A68_RS01220
348137,349355,pseudogene,-,A4A68_RS03105
348137,349355,CDS,-,A4A68_RS03105
350455,350530,tRNA,+,A4A68_RS01230
350698,350949,CDS,-,A4A68_RS01235
351031,352182,CDS,+,A4A68_RS01240
352686,353639,CDS,+,A4A68_RS01245
354612,355919,CDS,+,A4A68_RS01250
356179,357354,CDS,+,A4A68_RS01255
357795,358415,CDS,+,A4A68_RS01260
358813,359751,CDS,+,A4A68_RS01265
360397,360981,CDS,+,A4A68_RS01270
361090,362181,CDS,+,A4A68_RS01275
362950,363216,CDS,+,A4A68_RS01280
363226,363302,tRNA,+,A4A68_RS01285
363332,363407,tRNA,+,A4A68_RS01290
363578,363654,tRNA,+,A4A68_RS01295
363870,364400,CDS,+,A4A68_RS01300
364958,365725,CDS,-,A4A68_RS01305
366813,367416,pseudogene,+,A4A68_RS01310
366813,367416,CDS,+,A4A68_RS01310
368751,368948,CDS,+,A4A68_RS01315
369503,371251,CDS,+,A4A68_RS01320
371248,372306,CDS,+,A4A68_RS01325
373242,374591,CDS,-,accC
375069,375487,pseudogene,-,A4A68_RS01335
375069,375487,CDS,-,A4A68_RS01335
375575,376474,CDS,-,A4A68_RS01340
377156,377482,CDS,+,A4A68_RS01345
377473,377742,CDS,+,A4A68_RS01350
377980,378807,CDS,-,A4A68_RS01355
378807,379997,CDS,-,trpB
380031,381389,CDS,-,A4A68_RS01365
381396,382394,CDS,-,trpD
382410,382988,CDS,-,A4A68_RS01375
382988,384550,CDS,-,A4A68_RS01380
385336,386490,CDS,+,A4A68_RS01385
386492,389734,CDS,+,carB
389801,390289,CDS,+,A4A68_RS01395
390359,391206,pseudogene,-,A4A68_RS01400
390359,391206,CDS,-,A4A68_RS01400
391402,392079,CDS,-,A4A68_RS01405
392481,393224,CDS,-,A4A68_RS01410
393407,394419,pseudogene,-,cpxA
393407,394419,CDS,-,cpxA
394497,395195,CDS,-,A4A68_RS01420
396073,397512,CDS,-,pyk
398968,399486,CDS,-,A4A68_RS01430
399556,401301,CDS,-,A4A68_RS01435
402721,402807,tRNA,-,A4A68_RS01440
402972,404018,CDS,-,A4A68_RS01445
405347,406051,CDS,+,A4A68_RS01450
407346,408752,CDS,+,A4A68_RS01455
409114,409641,CDS,+,A4A68_RS01460
410645,411808,CDS,-,A4A68_RS01470
411802,412107,pseudogene,-,A4A68_RS01475
411802,412107,CDS,-,A4A68_RS01475
412345,413094,CDS,-,A4A68_RS01480
413723,414502,CDS,-,A4A68_RS01485
414850,415949,pseudogene,-,A4A68_RS01490
414850,415949,CDS,-,A4A68_RS01490
416660,417517,CDS,-,A4A68_RS01495
417453,418319,CDS,-,panB
418683,418754,tRNA,+,A4A68_RS01505
419511,420261,pseudogene,+,gloB
419511,420261,CDS,+,gloB
420624,421370,CDS,+,A4A68_RS01515
421412,421933,CDS,+,A4A68_RS01520
422041,422643,CDS,+,A4A68_RS01525
422652,423698,CDS,+,A4A68_RS01530
424661,425575,CDS,-,A4A68_RS01535
426157,426903,CDS,+,A4A68_RS01540
427862,428083,CDS,+,A4A68_RS01545
428831,428920,tRNA,-,A4A68_RS01550
429472,429672,CDS,+,A4A68_RS01555
430415,430807,CDS,+,A4A68_RS01560
430932,432662,CDS,-,A4A68_RS01565
433542,434648,CDS,-,dnaJ
434764,436677,CDS,-,A4A68_RS01575
436740,436967,CDS,-,A4A68_RS01580
436988,437734,pseudogene,-,A4A68_RS03205
436988,437734,CDS,-,A4A68_RS03205
438436,439422,CDS,+,A4A68_RS01585
440116,441042,CDS,+,glyQ
441648,445907,CDS,-,rpoC
445994,450022,CDS,-,rpoB
450343,450705,CDS,-,A4A68_RS01605
450765,451262,CDS,-,A4A68_RS01610
451489,452193,CDS,-,A4A68_RS01615
452195,452623,CDS,-,rplK
452742,453287,CDS,-,nusG
453289,453672,CDS,-,A4A68_RS01630
454589,455773,CDS,-,tuf
455884,455959,tRNA,-,A4A68_RS01640
455964,456038,tRNA,-,A4A68_RS01645
456205,456289,tRNA,-,A4A68_RS01650
456295,456370,tRNA,-,A4A68_RS01655
456895,457077,CDS,+,A4A68_RS01660
458242,458472,CDS,-,A4A68_RS03330
458512,>458616,pseudogene,-,A4A68_RS03335
458512,>458616,CDS,-,A4A68_RS03335
459107,461962,CDS,-,A4A68_RS01670
461985,462353,pseudogene,-,A4A68_RS03215
461985,462353,CDS,-,A4A68_RS03215
463201,464286,CDS,+,A4A68_RS01675
464286,465356,CDS,+,A4A68_RS01680
465709,467781,CDS,-,A4A68_RS01685
468813,468889,tRNA,-,A4A68_RS01690
469008,469079,tRNA,-,A4A68_RS01695
469102,469183,tRNA,-,A4A68_RS01700
470425,471720,CDS,-,A4A68_RS01705
472698,474260,CDS,+,A4A68_RS01710
474652,474750,CDS,-,A4A68_RS01715
474768,475907,CDS,-,cydB
475955,477478,CDS,-,A4A68_RS01725
478336,479334,CDS,+,gap
481126,482677,rRNA,+,A4A68_RS01735
482739,482815,tRNA,+,A4A68_RS01740
483145,483220,tRNA,+,A4A68_RS01745
483731,484024,CDS,+,groES
484070,485719,CDS,+,groL
486182,486748,CDS,+,efp
487007,487646,pseudogene,-,A4A68_RS01765
487007,487646,CDS,-,A4A68_RS01765
488021,488491,CDS,-,A4A68_RS01770
488758,489189,CDS,-,A4A68_RS01775
489750,492395,CDS,-,A4A68_RS01780
493103,495382,CDS,+,A4A68_RS01785
495431,496561,CDS,+,A4A68_RS01790
496749,497603,CDS,+,A4A68_RS01795
497686,497865,CDS,-,A4A68_RS01800
499229,499603,CDS,+,A4A68_RS01805
499617,501116,CDS,+,A4A68_RS01810
501162,501902,CDS,+,A4A68_RS01815
501883,503169,CDS,+,A4A68_RS01820
503166,504392,CDS,+,A4A68_RS01825
504412,504828,CDS,+,A4A68_RS01830
504947,505183,CDS,-,A4A68_RS01835
507298,507371,tRNA,+,A4A68_RS01840
507388,507470,tRNA,+,A4A68_RS01845
507975,508769,CDS,-,A4A68_RS01850
508776,509645,CDS,-,A4A68_RS01855
512517,512858,CDS,-,grxD
513646,514668,CDS,+,tsaD
514842,515249,CDS,-,A4A68_RS01870
516431,516913,CDS,+,A4A68_RS01875
517259,518797,CDS,+,A4A68_RS01880
519270,>519396,pseudogene,-,A4A68_RS03340
519270,>519396,CDS,-,A4A68_RS03340
519846,522008,CDS,-,A4A68_RS01885
522223,522744,CDS,-,A4A68_RS01890
523024,523100,tRNA,-,A4A68_RS01895
523193,523308,rRNA,-,rrf
523475,526422,rRNA,-,A4A68_RS01905
526718,526793,tRNA,-,A4A68_RS01910
528273,529628,CDS,+,A4A68_RS01915
530021,531346,CDS,-,A4A68_RS01920
532162,534621,CDS,-,A4A68_RS01925
534888,535481,CDS,+,A4A68_RS01930
535849,>535926,pseudogene,+,A4A68_RS03345
535849,>535926,CDS,+,A4A68_RS03345
536055,537131,CDS,+,obgE
538769,539299,CDS,+,A4A68_RS01945
539975,540772,CDS,-,A4A68_RS01950
540791,541786,CDS,-,holB
541783,542424,CDS,-,A4A68_RS01960
543357,543431,tRNA,-,A4A68_RS01965
543953,544840,CDS,+,psd
546726,>547173,pseudogene,+,coaD
546726,>547173,CDS,+,coaD
547600,548976,pseudogene,+,A4A68_RS01975
547600,548976,CDS,+,A4A68_RS01975
550402,550653,CDS,+,A4A68_RS01980
551007,554399,CDS,+,A4A68_RS01985
554830,558378,CDS,+,A4A68_RS01990
558676,559968,CDS,-,A4A68_RS01995
560342,560953,CDS,-,lolA
561642,561718,tRNA,-,A4A68_RS02005
561769,561855,tRNA,-,A4A68_RS02010
561908,562201,CDS,-,A4A68_RS02015
562808,563539,CDS,-,A4A68_RS02020
563664,564638,CDS,+,A4A68_RS02025
564990,>565547,pseudogene,+,A4A68_RS03350
564990,>565547,CDS,+,A4A68_RS03350
566526,566735,CDS,-,A4A68_RS02030
568017,569084,CDS,+,recA
570390,571310,CDS,+,A4A68_RS02040
571694,571891,CDS,+,A4A68_RS02045
574095,574400,CDS,+,A4A68_RS02050
575148,575369,CDS,-,A4A68_RS02055
575982,576161,CDS,-,A4A68_RS02060
576569,578236,CDS,-,A4A68_RS02065
580180,580362,CDS,+,A4A68_RS02070
580359,581114,CDS,+,A4A68_RS02075
581206,581718,CDS,-,A4A68_RS02080
582386,583726,CDS,+,A4A68_RS02085
584316,584389,tRNA,+,A4A68_RS02090
584531,584713,CDS,-,A4A68_RS02095
586351,586788,CDS,+,A4A68_RS02100
586805,587479,CDS,+,A4A68_RS02105
587555,589354,CDS,+,A4A68_RS02110
589381,589887,CDS,+,A4A68_RS02115
589884,591227,CDS,+,A4A68_RS02120
591296,594025,CDS,+,A4A68_RS02125
594022,594999,CDS,+,A4A68_RS02130
595013,595555,CDS,+,A4A68_RS02135
595566,596063,CDS,+,A4A68_RS02140
596085,596387,CDS,+,A4A68_RS02145
596384,598228,CDS,+,A4A68_RS02150
598331,599848,CDS,+,A4A68_RS02155
599868,601322,CDS,+,A4A68_RS02160
601745,603544,CDS,-,A4A68_RS02165
604256,605110,pseudogene,-,rpoH
604256,605110,CDS,-,rpoH
605268,606176,pseudogene,-,A4A68_RS02175
605268,606176,CDS,-,A4A68_RS02175
606472,607944,CDS,-,A4A68_RS03230
608157,608774,CDS,+,rsmD
609023,609343,CDS,-,A4A68_RS02195
609661,609915,CDS,-,A4A68_RS02200
611171,612373,CDS,+,A4A68_RS02205
612448,614592,CDS,+,A4A68_RS02210
614682,617276,CDS,-,topA
617642,618241,CDS,+,A4A68_RS02220
618693,618956,CDS,+,A4A68_RS02225
618968,619636,CDS,+,A4A68_RS02230
619774,620688,CDS,+,lipA
620844,621470,CDS,+,A4A68_RS02240
621563,622807,CDS,-,A4A68_RS02245
622810,623499,CDS,-,A4A68_RS02250
623492,624694,CDS,-,A4A68_RS02255
624909,628367,CDS,+,A4A68_RS02260
628678,629223,CDS,+,A4A68_RS02265
629665,629988,CDS,+,A4A68_RS02270
630934,631509,CDS,-,A4A68_RS02275
631806,631991,CDS,+,A4A68_RS02280
632236,633102,CDS,+,A4A68_RS02285
633181,633559,ncRNA,+,rnpB
634140,634909,pseudogene,+,A4A68_RS02295
634140,634909,CDS,+,A4A68_RS02295
634960,635214,pseudogene,+,A4A68_RS02300
634960,635214,CDS,+,A4A68_RS02300
635254,635724,pseudogene,+,A4A68_RS02305
635254,635724,CDS,+,A4A68_RS02305
635739,636277,pseudogene,+,A4A68_RS02310
635739,636277,CDS,+,A4A68_RS02310
636289,637847,pseudogene,+,atpA
636289,637847,CDS,+,atpA
637876,>638698,pseudogene,+,A4A68_RS02320
637876,>638698,CDS,+,A4A68_RS02320
638723,639777,pseudogene,+,A4A68_RS02325
638723,639777,CDS,+,A4A68_RS02325
639845,640233,pseudogene,+,atpC
639845,640233,CDS,+,atpC
641591,643138,CDS,+,A4A68_RS02335
643263,645158,CDS,-,parE
645526,645729,CDS,-,A4A68_RS02345
646072,647544,CDS,+,der
649886,650416,CDS,+,A4A68_RS02355
650682,651758,CDS,-,A4A68_RS02360
651838,652995,CDS,-,A4A68_RS02365
654644,654961,CDS,-,A4A68_RS02370
655699,>655916,pseudogene,+,A4A68_RS03235
655699,>655916,CDS,+,A4A68_RS03235
656870,657166,CDS,+,A4A68_RS02375
657523,659448,CDS,+,A4A68_RS02380
659610,661259,CDS,-,A4A68_RS02385
662559,663107,CDS,+,A4A68_RS02390
663357,663848,CDS,+,A4A68_RS02395
664707,665216,pseudogene,+,A4A68_RS03240
664707,665216,CDS,+,A4A68_RS03240
665379,666257,CDS,-,A4A68_RS02400
666270,667136,CDS,-,A4A68_RS02405
667195,667839,CDS,-,A4A68_RS02410
667836,668075,CDS,-,A4A68_RS03245
668963,669715,CDS,+,A4A68_RS02415
669755,670294,CDS,+,A4A68_RS02420
670680,671381,CDS,-,A4A68_RS02425
672115,672507,CDS,-,rplQ
672548,673534,CDS,-,A4A68_RS02435
673560,674180,CDS,-,A4A68_RS02440
674210,674599,CDS,-,A4A68_RS02445
674617,674973,CDS,-,A4A68_RS02450
675118,675234,CDS,-,A4A68_RS03250
675267,676598,CDS,-,A4A68_RS02455
676606,677040,CDS,-,A4A68_RS02460
677041,677223,CDS,-,A4A68_RS02465
677230,677730,CDS,-,rpsE
677745,678098,CDS,-,A4A68_RS02475
678107,678640,CDS,-,A4A68_RS02480
678654,679046,CDS,-,A4A68_RS02485
679081,679386,CDS,-,A4A68_RS02490
679400,679939,CDS,-,A4A68_RS02495
679954,680268,CDS,-,A4A68_RS02500
680288,680659,CDS,-,A4A68_RS02505
680792,681046,CDS,-,rpsQ
681039,681236,CDS,-,A4A68_RS02515
681236,681646,CDS,-,A4A68_RS02520
681659,682357,CDS,-,A4A68_RS02525
682375,682707,CDS,-,rplV
682722,683000,CDS,-,A4A68_RS02535
683017,683838,CDS,-,A4A68_RS02540
683857,684159,CDS,-,A4A68_RS02545
684156,684761,CDS,-,A4A68_RS02550
684778,685407,CDS,-,A4A68_RS02555
685440,685751,CDS,-,A4A68_RS02560
688165,689880,CDS,+,A4A68_RS02565
689877,693683,CDS,+,A4A68_RS02570
694578,695537,CDS,-,A4A68_RS02575
696358,696885,CDS,+,A4A68_RS02580
697296,697368,tRNA,-,A4A68_RS02585
698658,699302,CDS,+,A4A68_RS02590
699656,700621,CDS,+,A4A68_RS02595
701168,701425,CDS,+,A4A68_RS02600
701667,703127,CDS,-,cls
703431,704399,CDS,-,trxB
705452,706720,CDS,+,A4A68_RS02615
707959,708882,CDS,+,A4A68_RS02620
711329,711613,CDS,-,A4A68_RS02625
712369,713229,CDS,-,prmC
713229,714311,CDS,-,A4A68_RS02635
714593,715345,CDS,-,A4A68_RS02640
715835,715922,tRNA,-,A4A68_RS02645
717181,719595,CDS,-,gyrB
719814,720914,CDS,-,A4A68_RS02655
720917,722311,CDS,-,A4A68_RS02660
724316,724870,CDS,+,A4A68_RS02665
725387,726517,CDS,+,A4A68_RS02670
726943,727365,CDS,-,A4A68_RS02675
727898,727974,tRNA,-,A4A68_RS02680
728144,729016,CDS,+,A4A68_RS02685
729147,730523,CDS,-,A4A68_RS02690
731359,732078,CDS,+,A4A68_RS02695
733536,733957,pseudogene,-,purE
733536,733957,CDS,-,purE
735103,735318,CDS,+,A4A68_RS02705
735456,737216,CDS,+,A4A68_RS02710
737351,739192,CDS,+,A4A68_RS02715
739485,739940,CDS,+,A4A68_RS02720
740668,741879,CDS,-,A4A68_RS02725
744087,745487,CDS,+,A4A68_RS02730
745897,746424,pseudogene,-,sspA
745897,746424,CDS,-,sspA
747285,747806,CDS,+,A4A68_RS02740
748525,749229,pseudogene,+,A4A68_RS03260
748525,749229,CDS,+,A4A68_RS03260
749276,749956,CDS,+,A4A68_RS02745
750107,751111,CDS,+,trpS
751493,752245,pseudogene,+,A4A68_RS02755
751493,752245,CDS,+,A4A68_RS02755
752245,752625,CDS,+,acpS
753515,754273,CDS,-,A4A68_RS02765
755324,756724,pseudogene,-,A4A68_RS02770
755324,756724,CDS,-,A4A68_RS02770
757404,759509,CDS,-,fusA
759597,760067,CDS,-,A4A68_RS02780
760115,760489,CDS,-,A4A68_RS02785
760627,760914,CDS,-,A4A68_RS02790
760929,761288,CDS,-,A4A68_RS02795
761397,761903,pseudogene,-,folK
761397,761903,CDS,-,folK
761903,763324,CDS,-,A4A68_RS02805
764053,764514,CDS,-,dksA
765572,765757,CDS,+,A4A68_RS02815
765826,768258,CDS,+,mrcB
768923,769135,CDS,-,A4A68_RS02825
770865,771680,CDS,+,A4A68_RS02830
772578,772653,tRNA,-,A4A68_RS02835
773330,773558,pseudogene,+,A4A68_RS03265
773330,773558,CDS,+,A4A68_RS03265
774791,775870,CDS,-,A4A68_RS02840
776027,776752,CDS,+,A4A68_RS02845
777572,778000,CDS,+,A4A68_RS02850
779276,780199,CDS,-,A4A68_RS02855
780855,782906,CDS,-,ligA
784083,784430,CDS,-,A4A68_RS02865
785328,786187,pseudogene,-,A4A68_RS02870
785328,786187,CDS,-,A4A68_RS02870
786312,786914,CDS,+,A4A68_RS02875
788626,790395,CDS,-,A4A68_RS02880
790410,790511,CDS,-,yrbN
791001,793118,CDS,-,pnp
793375,793644,CDS,-,A4A68_RS02890
793726,794682,CDS,-,A4A68_RS02895
794682,795098,CDS,-,A4A68_RS02900
795167,797872,CDS,-,A4A68_RS02905
797898,799385,CDS,-,nusA
799579,799695,CDS,-,A4A68_RS03360
800768,802141,CDS,+,A4A68_RS02915
802833,803471,CDS,+,nth
803944,804555,CDS,-,A4A68_RS02925
806188,806859,CDS,+,A4A68_RS02930
806881,807693,CDS,+,minD
807696,807965,CDS,+,A4A68_RS02940
808418,810097,CDS,-,A4A68_RS02945
810211,810894,CDS,-,A4A68_RS02950
811812,812420,pseudogene,+,coaE
811812,812420,CDS,+,coaE
812413,813168,CDS,+,A4A68_RS02960
813180,813362,CDS,+,A4A68_RS03275
814527,815321,CDS,-,map
815595,816320,CDS,+,rpsB
816436,817292,pseudogene,+,tsf
816436,817292,CDS,+,tsf
817703,818260,CDS,+,A4A68_RS02980
818395,819126,CDS,+,A4A68_RS02985
819362,819654,pseudogene,+,A4A68_RS03280
819362,819654,CDS,+,A4A68_RS03280
820224,820985,CDS,+,A4A68_RS02990
821098,821955,CDS,+,A4A68_RS02995
822610,825036,CDS,+,bamA
825174,825671,CDS,+,A4A68_RS03005
825675,826715,CDS,+,lpxD
826830,827285,CDS,+,fabZ
827290,828078,CDS,+,A4A68_RS03020
828081,829229,CDS,+,A4A68_RS03025
829605,833087,CDS,+,A4A68_RS03030
833100,834059,CDS,+,A4A68_RS03035
