15365,13695,-,21557,19887,-
38601,37021,-,44724,43144,-
111755,110727,-,134808,133780,-
113036,111906,-,136088,134958,-
32667,33665,+,39650,40648,+
26923,27723,+,32890,33690,+
51632,51000,-,148578,149210,+
124523,125155,+,148578,149210,+
62784,62023,-,93030,93791,+
51630,51001,-,148580,149209,+
124525,125154,+,148580,149209,+
19301,18522,-,25539,24760,-
27781,28575,+,33748,34542,+
125175,124522,-,149230,148577,-
50980,51633,+,149230,148577,-
86151,85207,-,54739,55683,+
125152,124631,-,149207,148686,-
51003,51524,+,149207,148686,-
113978,113460,-,137036,136518,-
13831,14526,+,20023,20718,+
40811,41491,+,47179,47859,+
51631,50984,-,148579,149226,+
124524,125171,+,148579,149226,+
8600,9250,+,12112,12762,+
124904,124524,-,148959,148579,-
51251,51631,+,148959,148579,-
74718,75221,+,77686,77183,-
108826,108230,-,131747,131151,-
27719,26916,-,33686,32883,-
811,1395,+,784,1368,+
114839,114480,-,137903,137544,-
45315,45965,+,51965,52615,+
8183,7761,-,11849,11427,-
7455,7027,-,11124,10696,-
50982,50602,-,149229,149609,+
125173,125553,+,149229,149609,+
50981,50601,-,149230,149610,+
125174,125554,+,149230,149610,+
44792,45277,+,51465,51950,+
93139,92588,-,114543,113992,-
125552,125172,-,149608,149228,-
50603,50983,+,149608,149228,-
33469,32849,-,40452,39832,-
111937,112662,+,134989,135714,+
2467,2982,+,2469,2984,+
28,552,+,4,528,+
47885,47469,-,152530,152946,+
128270,128686,+,152530,152946,+
82522,81983,-,58220,58759,+
128694,128227,-,152954,152487,-
47461,47928,+,152954,152487,-
125553,125221,-,149609,149277,-
50602,50934,+,149609,149277,-
47895,47485,-,152520,152930,+
128260,128670,+,152520,152930,+
28421,27792,-,34388,33759,-
128708,128268,-,152968,152528,-
47447,47887,+,152968,152528,-
119039,118641,-,142284,141886,-
125527,125231,-,149583,149287,-
50628,50924,+,149583,149287,-
54346,53834,-,103966,104478,+
113467,113958,+,136525,137016,+
106070,105702,-,129011,128643,-
72322,71792,-,82867,83397,+
42626,43111,+,49292,49777,+
14587,14925,+,20779,21117,+
48396,48133,-,152023,152286,+
127759,128022,+,152023,152286,+
128025,127762,-,152289,152026,-
48130,48393,+,152289,152026,-
18715,19302,+,24953,25540,+
136168,136701,+,165363,165896,+
116490,116119,-,139771,139400,-
37856,38320,+,43979,44443,+
127746,127504,-,152004,151762,-
48409,48651,+,152004,151762,-
114393,114001,-,137446,137054,-
48392,48102,-,152027,152317,+
127763,128053,+,152027,152317,+
81413,81637,+,59389,59165,-
48703,48410,-,151710,152003,+
127452,127745,+,151710,152003,+
108243,108797,+,131164,131718,+
41376,40822,-,47744,47190,-
48677,48405,-,151736,152008,+
127478,127750,+,151736,152008,+
128024,127788,-,152288,152052,-
48131,48367,+,152288,152052,-
20522,20118,-,26745,26341,-
14986,15363,+,21178,21555,+
128701,128402,-,152961,152662,-
47454,47753,+,152961,152662,-
48702,48400,-,151711,152013,+
127453,127755,+,151711,152013,+
127736,127452,-,151994,151710,-
48419,48703,+,151994,151710,-
38928,38647,-,45069,44788,-
9365,9811,+,12883,13329,+
76634,76176,-,73610,74068,+
111451,111693,+,134504,134746,+
13145,12717,-,19269,18841,-
106771,106517,-,129721,129467,-
48391,48131,-,152028,152288,+
127764,128024,+,152028,152288,+
40037,40270,+,46396,46629,+
16113,16583,+,22335,22805,+
45204,44842,-,51877,51515,-
7762,8160,+,11428,11826,+
117372,117082,-,140638,140348,-
43730,44149,+,50402,50821,+
95341,94844,-,116773,116276,-
47755,47453,-,152660,152962,+
128400,128702,+,152660,152962,+
118548,118111,-,141802,141365,-
110127,109843,-,133135,132851,-
81978,82508,+,58764,58234,-
127705,127481,-,151963,151739,-
48450,48674,+,151963,151739,-
35094,34615,-,42178,41699,-
81618,81412,-,59184,59390,+
50980,50777,-,149231,149434,+
125175,125378,+,149231,149434,+
103454,103101,-,126347,125994,-
110728,110988,+,133781,134041,+
14586,15194,+,20778,21386,+
105703,106071,+,128644,129012,+
71554,71291,-,83638,83901,+
62024,62398,+,93790,93416,-
6948,6643,-,10602,10297,-
9132,8608,-,12644,12120,-
116186,116494,+,139467,139775,+
98563,98186,-,120153,119776,-
119519,119280,-,142761,142522,-
40316,40639,+,46681,47004,+
118660,119037,+,141905,142282,+
13698,14525,+,19890,20717,+
60465,60154,-,95376,95687,+
104391,103867,-,127308,126784,-
2906,2556,-,2908,2558,-
60144,59797,-,95700,96047,+
44540,44776,+,51210,51446,+
97411,97160,-,118917,118666,-
128890,128690,-,153151,152951,-
47265,47465,+,153151,152951,-
115050,114847,-,138121,137918,-
44312,44491,+,50982,51161,+
50291,50034,-,149954,150211,+
125864,126121,+,149954,150211,+
50043,49843,-,150201,150401,+
126112,126312,+,150201,150401,+
120977,120741,-,144348,144112,-
111372,111752,+,134425,134805,+
112717,113034,+,135769,136086,+
101292,101017,-,123112,122837,-
128273,128061,-,152534,152322,-
47882,48094,+,152534,152322,-
48093,47890,-,152323,152526,+
128062,128265,+,152323,152526,+
61613,61272,-,94207,94548,+
1370,1107,-,1343,1080,-
127915,127763,-,152179,152027,-
48240,48392,+,152179,152027,-
39053,39358,+,45412,45717,+
13394,13206,-,19527,19339,-
126271,126122,-,150360,150211,-
49884,50033,+,150360,150211,-
117639,117472,-,140887,140720,-
1583,1753,+,1569,1739,+
109721,109425,-,132644,132348,-
126442,126275,-,150532,150365,-
49713,49880,+,150532,150365,-
47465,47265,-,152951,153151,+
128690,128890,+,152951,153151,+
48094,47900,-,152322,152516,+
128061,128255,+,152322,152516,+
120215,120006,-,143550,143341,-
71934,72326,+,83255,82863,-
58074,58406,+,97880,97548,-
106524,106823,+,129474,129773,+
128266,128060,-,152527,152321,-
47889,48095,+,152527,152321,-
2014,2250,+,2007,2243,+
38378,38602,+,44501,44725,+
20111,19833,-,26337,26059,-
108150,107938,-,131082,130870,-
101443,101291,-,123273,123121,-
56583,56894,+,99477,99166,-
111037,111264,+,134090,134317,+
7028,7267,+,10697,10936,+
107123,106959,-,130065,129901,-
37556,37795,+,43679,43918,+
38020,38601,+,44143,44724,+
50032,49877,-,150212,150367,+
126123,126278,+,150212,150367,+
47463,47263,-,152953,153153,+
128692,128892,+,152953,153153,+
4135,3887,-,7407,7159,-
114487,114747,+,137551,137811,+
105597,105331,-,128523,128257,-
123788,123558,-,147648,147418,-
31342,31632,+,37726,38016,+
128889,128692,-,153150,152953,-
47266,47463,+,153150,152953,-
102369,102181,-,124227,124039,-
50259,50044,-,149986,150201,+
125896,126111,+,149986,150201,+
116010,115825,-,139297,139112,-
37229,37450,+,43352,43573,+
102048,101719,-,123900,123571,-
126109,125864,-,150199,149954,-
50046,50291,+,150199,149954,-
128891,128691,-,153152,152952,-
47264,47464,+,153152,152952,-
120635,120348,-,143976,143689,-
50030,49872,-,150214,150372,+
126125,126283,+,150214,150372,+
102856,102698,-,125726,125568,-
126282,126115,-,150371,150204,-
49873,50040,+,150371,150204,-
46155,46325,+,52808,52978,+
62453,62719,+,93361,93095,-
50299,50045,-,149946,150200,+
125856,126110,+,149946,150200,+
12721,13068,+,18845,19192,+
67972,67700,-,89856,90128,+
107573,107193,-,130515,130135,-
116976,116554,-,140230,139808,-
101034,100846,-,122800,122612,-
18500,18306,-,24732,24538,-
94803,94558,-,116217,115972,-
126108,125896,-,150198,149986,-
50047,50259,+,150198,149986,-
109841,110065,+,132849,133073,+
29759,30073,+,36171,36485,+
85517,85957,+,55373,54933,-
111866,111756,-,134922,134812,-
62023,62283,+,93791,93531,-
101295,101450,+,123125,123280,+
125153,124953,-,149208,149008,-
51002,51202,+,149208,149008,-
25860,26072,+,31805,32017,+
41522,41707,+,47893,48078,+
119317,119514,+,142559,142756,+
49889,49704,-,150356,150541,+
126266,126451,+,150356,150541,+
12674,12510,-,18795,18631,-
126314,126123,-,150403,150212,-
49841,50032,+,150403,150212,-
126450,126277,-,150540,150367,-
49705,49878,+,150540,150367,-
111684,111373,-,134737,134426,-
113258,113085,-,136316,136143,-
43310,43612,+,49982,50284,+
115805,116008,+,139092,139295,+
110931,111233,+,133984,134286,+
27567,27160,-,33534,33127,-
63966,63814,-,92251,92403,+
118220,118555,+,141474,141809,+
49358,49236,-,150883,151005,+
126797,126919,+,150883,151005,+
101629,101498,-,123459,123328,-
20743,20856,+,26995,27108,+
34037,34249,+,41038,41250,+
126921,126784,-,151007,150870,-
49234,49371,+,151007,150870,-
42954,42799,-,49620,49465,-
18810,19124,+,25048,25362,+
117906,117670,-,141160,140924,-
111225,110797,-,134278,133850,-
122671,122477,-,145925,145731,-
49878,49717,-,150367,150528,+
126277,126438,+,150367,150528,+
110568,110386,-,133612,133430,-
49729,49589,-,150514,150654,+
126426,126566,+,150514,150654,+
37564,37938,+,43687,44061,+
44571,44344,-,51241,51014,-
117185,117355,+,140451,140621,+
50570,50463,-,149642,149749,+
125585,125692,+,149642,149749,+
1755,1582,-,1741,1568,-
53991,54341,+,104321,103971,-
73865,73656,-,78434,78643,+
71743,71588,-,83443,83598,+
114065,114406,+,137118,137459,+
95569,95402,-,117013,116846,-
32493,32663,+,39479,39649,+
49712,49593,-,150531,150650,+
126443,126562,+,150531,150650,+
126059,125862,-,150149,149952,-
50096,50293,+,150149,149952,-
125692,125594,-,149749,149651,-
50463,50561,+,149749,149651,-
101051,101281,+,122871,123101,+
16665,16925,+,22893,23153,+
41341,41048,-,47709,47416,-
114860,115042,+,137931,138113,+
117449,117640,+,140697,140888,+
104638,104423,-,127581,127366,-
99690,99460,-,121285,121055,-
70003,69800,-,86654,86857,+
97827,97603,-,119406,119182,-
109504,109695,+,132427,132618,+
8333,8229,-,11999,11895,-
126563,126444,-,150651,150532,-
49592,49711,+,150651,150532,-
126561,126442,-,150649,150530,-
49594,49713,+,150649,150530,-
125693,125592,-,149750,149649,-
50462,50563,+,149750,149649,-
70556,70323,-,86081,86314,+
126740,126639,-,150827,150726,-
49415,49516,+,150827,150726,-
74186,73905,-,78113,78394,+
92679,92906,+,114083,114310,+
35774,35601,-,42817,42644,-
97123,96923,-,118626,118426,-
102173,102361,+,124031,124219,+
16444,16151,-,22666,22373,-
75065,74781,-,77339,77623,+
44067,43909,-,50739,50581,-
113462,113205,-,136517,136260,-
96064,95876,-,117522,117334,-
57912,58067,+,98048,97893,-
1424,1546,+,1398,1520,+
59801,60022,+,96043,95822,-
107866,107582,-,130810,130526,-
108281,108493,+,131202,131414,+
49357,49238,-,150884,151003,+
126798,126917,+,150884,151003,+
115296,115114,-,138367,138185,-
98875,98759,-,120465,120349,-
125664,125551,-,149721,149608,-
50491,50604,+,149721,149608,-
45940,45701,-,52590,52351,-
619,741,+,595,717,+
126562,126440,-,150650,150528,-
49593,49715,+,150650,150528,-
100213,100046,-,121947,121780,-
96771,96607,-,118270,118106,-
70820,70671,-,85814,85963,+
113520,113732,+,136578,136790,+
26810,26565,-,32776,32531,-
26665,26811,+,32631,32777,+
100690,100439,-,122421,122170,-
50563,50474,-,149649,149738,+
125592,125681,+,149649,149738,+
126917,126798,-,151003,150884,-
49238,49357,+,151003,150884,-
21844,21957,+,28120,28233,+
41706,41530,-,48077,47901,-
20855,20742,-,27107,26994,-
111640,111374,-,134693,134427,-
38717,38929,+,44858,45070,+
39746,39889,+,46102,46245,+
58676,58846,+,97220,97050,-
49505,49416,-,150737,150826,+
126650,126739,+,150737,150826,+
6208,6396,+,10008,10196,+
7150,7389,+,10819,11058,+
126739,126650,-,150826,150737,-
49416,49505,+,150826,150737,-
37043,37141,+,43166,43264,+
103083,102901,-,125962,125780,-
62218,62045,-,93596,93769,+
49507,49415,-,150735,150827,+
126648,126740,+,150735,150827,+
6028,6189,+,9831,9992,+
98304,98567,+,119894,120157,+
49371,49279,-,150870,150962,+
126784,126876,+,150870,150962,+
49515,49414,-,150727,150828,+
126640,126741,+,150727,150828,+
48801,48718,-,151578,151661,+
127354,127437,+,151578,151661,+
106963,107127,+,129905,130069,+
19784,19635,-,26010,25861,-
81961,81851,-,58775,58885,+
92961,93065,+,114365,114469,+
33497,33216,-,40480,40199,-
40623,40390,-,46988,46755,-
50562,50479,-,149650,149733,+
125593,125676,+,149650,149733,+
2153,2013,-,2146,2006,-
32239,32358,+,38656,38775,+
102138,102052,-,123994,123908,-
96387,96295,-,117889,117797,-
79132,79266,+,68646,68512,-
35415,35299,-,42502,42386,-
114540,114758,+,137604,137822,+
126907,126812,-,150993,150898,-
49248,49343,+,150993,150898,-
40655,40741,+,47023,47109,+
81204,81359,+,59616,59461,-
107954,108121,+,130886,131053,+
7782,8111,+,11448,11777,+
40146,40003,-,46505,46362,-
127446,127357,-,151670,151581,-
48709,48798,+,151670,151581,-
56910,57161,+,99147,98896,-
38392,38126,-,44515,44249,-
112557,112757,+,135609,135809,+
50689,50603,-,149522,149608,+
125466,125552,+,149522,149608,+
62530,62784,+,93284,93030,-
81029,81172,+,59803,59660,-
85166,85453,+,55724,55437,-
127448,127359,-,151672,151583,-
48707,48796,+,151672,151583,-
124389,124291,-,148396,148298,-
51766,51864,+,148396,148298,-
112759,112580,-,135811,135632,-
124389,124291,-,53676,53774,+
51766,51864,+,53676,53774,+
78197,78051,-,71151,71297,+
108840,108962,+,131764,131886,+
19562,19416,-,25788,25642,-
14320,13865,-,20512,20057,-
8157,7861,-,11823,11527,-
1347,1108,-,1320,1081,-
58559,58681,+,97340,97218,-
60305,60451,+,95536,95390,-
74556,74687,+,77842,77711,-
31631,31431,-,38015,37815,-
117136,117366,+,140402,140632,+
7450,7178,-,11119,10847,-
128023,127958,-,152287,152222,-
48132,48197,+,152287,152222,-
26105,26215,+,32056,32166,+
33183,33410,+,40427,40654,+
39437,39568,+,45790,45921,+
110688,110822,+,133741,133875,+
111757,111867,+,134813,134923,+
2227,2322,+,2217,2312,+
32098,32187,+,38509,38598,+
33462,33674,+,40184,40396,+
44760,44599,-,51430,51269,-
41834,42070,+,48238,48474,+
94893,95078,+,116325,116510,+
51863,51765,-,53773,53675,-
124292,124390,+,53773,53675,-
51863,51765,-,148299,148397,+
124292,124390,+,148299,148397,+
47999,47889,-,152417,152527,+
128156,128266,+,152417,152527,+
101499,101630,+,123329,123460,+
12511,12675,+,18632,18796,+
129584,129480,-,53182,53286,+
46571,46675,+,53182,53286,+
67788,67970,+,90040,89858,-
59733,59578,-,96111,96266,+
119304,119513,+,142546,142755,+
120412,120546,+,143753,143887,+
71589,71729,+,83597,83457,-
95958,96068,+,117416,117526,+
97221,97328,+,118727,118834,+
96561,96460,-,118060,117959,-
74872,74720,-,77532,77684,+
14169,14026,-,20361,20218,-
7584,7483,-,11241,11140,-
111136,110915,-,134189,133968,-
99986,99870,-,121719,121603,-
49789,49709,-,150456,150536,+
126366,126446,+,150456,150536,+
124537,124439,-,148591,148493,-
51618,51716,+,148591,148493,-
124390,124292,-,148397,148299,-
51765,51863,+,148397,148299,-
123530,123405,-,147387,147262,-
124390,124292,-,53675,53773,+
51765,51863,+,53675,53773,+
79509,79658,+,68234,68085,-
21905,21750,-,28181,28026,-
85119,85018,-,55768,55869,+
58919,59005,+,96977,96891,-
108889,108827,-,131813,131751,-
106912,106838,-,129862,129788,-
44189,44302,+,50867,50980,+
81520,81410,-,59282,59392,+
3550,3467,-,6966,6883,-
203,27,-,179,3,-
3888,4046,+,7160,7318,+
20140,20349,+,26363,26572,+
106580,106768,+,129530,129718,+
113760,113960,+,136818,137018,+
49570,49511,-,150674,150733,+
126585,126644,+,150674,150733,+
11210,11139,-,16493,16422,-
7367,7447,+,11036,11116,+
126723,126649,-,150810,150736,-
49432,49506,+,150810,150736,-
75187,75092,-,77217,77312,+
82115,82300,+,58627,58442,-
92876,93067,+,114280,114471,+
43470,43366,-,50142,50038,-
13643,13545,-,19835,19737,-
105154,105074,-,128077,127997,-
39608,39724,+,45958,46074,+
70306,70136,-,86344,86514,+
73055,73183,+,79523,79395,-
62246,62022,-,93568,93792,+
51862,51647,-,53772,53557,-
124293,124508,+,53772,53557,-
43465,43325,-,50137,49997,-
51862,51647,-,148300,148515,+
124293,124508,+,148300,148515,+
8149,7922,-,11815,11588,-
2374,2445,+,2373,2444,+
58470,58547,+,97430,97353,-
101720,101821,+,123572,123673,+
23312,23235,-,30008,29931,-
8230,8355,+,11896,12021,+
27459,27566,+,33426,33533,+
104995,104933,-,127921,127859,-
4937,5080,+,8297,8440,+
124197,124120,-,53884,53961,+
51958,52035,+,53884,53961,+
71325,71411,+,83867,83781,-
40294,39989,-,46653,46348,-
18040,17936,-,24202,24098,-
136696,136884,+,165903,166091,+
1209,1403,+,1182,1376,+
21709,21816,+,27985,28092,+
106288,106088,-,129238,129038,-
76865,76713,-,73378,73530,+
33682,33521,-,40665,40504,-
15633,15523,-,21810,21700,-
452,285,-,428,261,-
5545,5730,+,9351,9536,+
13261,13380,+,19394,19513,+
124510,124439,-,53508,53579,+
51645,51716,+,53508,53579,+
91913,91815,-,113195,113097,-
71445,71546,+,83747,83646,-
81867,81959,+,58869,58777,-
105245,105481,+,128171,128407,+
28440,28186,-,34407,34153,-
66673,66602,-,91203,91274,+
117283,117134,-,140549,140400,-
26044,25928,-,31989,31873,-
12449,12303,-,18570,18424,-
26476,26616,+,32442,32582,+
34631,34804,+,41715,41888,+
98707,98624,-,120297,120214,-
76141,76338,+,74103,73906,-
117150,117248,+,140416,140514,+
9628,9401,-,13146,12919,-
27267,27410,+,33234,33377,+
113685,113455,-,136743,136513,-
88494,88435,-,110387,110328,-
40740,40654,-,47108,47022,-
123520,123783,+,147380,147643,+
113656,113519,-,136714,136577,-
94187,94092,-,115586,115491,-
81793,81707,-,58952,59038,+
106959,107132,+,129901,130074,+
115115,115249,+,138186,138320,+
64310,64164,-,91894,92040,+
43872,43738,-,50544,50410,-
15477,15400,-,21657,21580,-
7737,7600,-,11397,11260,-
719,618,-,695,594,-
122342,122175,-,145644,145477,-
32084,32185,+,38495,38596,+
61108,61212,+,94715,94611,-
74917,75096,+,77487,77308,-
110355,110269,-,133387,133301,-
66832,66680,-,91041,91193,+
63306,63109,-,92523,92720,+
58546,58469,-,97354,97431,+
38002,37853,-,44125,43976,-
14946,14755,-,21138,20947,-
6638,6805,+,10292,10459,+
67960,67904,-,134880,134824,-
70696,70815,+,85938,85819,-
111374,111514,+,134427,134567,+
113519,113650,+,136577,136708,+
19114,19049,-,25352,25287,-
119969,119880,-,143313,143224,-
21638,21715,+,27913,27990,+
55100,55204,+,102912,102808,-
61419,61649,+,94401,94171,-
46219,46142,-,52872,52795,-
44443,44300,-,51113,50970,-
6829,6918,+,10483,10572,+
119004,118765,-,142249,142010,-
115497,115312,-,138727,138542,-
108410,108267,-,131331,131188,-
94064,93894,-,115481,115311,-
21708,21505,-,27983,27780,-
49571,49509,-,150673,150735,+
126584,126646,+,150673,150735,+
9070,8951,-,12582,12463,-
911,810,-,884,783,-
7218,7388,+,10887,11057,+
121271,121086,-,144645,144460,-
21383,21481,+,27658,27756,+
104881,104822,-,127807,127748,-
58012,57911,-,97948,98049,+
55541,55449,-,100732,100824,+
1494,1426,-,1468,1400,-
3477,3551,+,6893,6967,+
126645,126583,-,150734,150672,-
49510,49572,+,150734,150672,-
112936,112829,-,135988,135881,-
108207,108151,-,131148,131092,-
93744,93688,-,45283,45339,+
41062,41160,+,47430,47528,+
45052,45174,+,51725,51847,+
87450,87551,+,81741,81640,-
94673,94804,+,116087,116218,+
27568,27461,-,33535,33428,-
93738,93688,-,115150,115100,-
79218,79147,-,68560,68631,+
60164,60265,+,95677,95576,-
78473,78562,+,70870,70781,-
85549,85791,+,55341,55099,-
112830,113024,+,135882,136076,+
120757,120837,+,144128,144208,+
49093,49016,-,151201,151278,+
127062,127139,+,151201,151278,+
49089,49015,-,151205,151279,+
127066,127140,+,151205,151279,+
47881,47807,-,152534,152608,+
128274,128348,+,152534,152608,+
2321,2226,-,2311,2216,-
127128,127063,-,151267,151202,-
49027,49092,+,151267,151202,-
20679,20723,+,26929,26973,+
67879,67682,-,134751,134554,-
93583,93455,-,114991,114863,-
90523,90422,-,111196,111095,-
79232,79161,-,68546,68617,+
55817,55933,+,100301,100185,-
42756,42667,-,49422,49333,-
116263,116424,+,139544,139705,+
127276,127214,-,151440,151378,-
48879,48941,+,151440,151378,-
13711,13752,+,19903,19944,+
90295,90188,-,111475,111368,-
81708,81797,+,59037,58948,-
42496,42386,-,49155,49045,-
122114,122010,-,145431,145327,-
20142,20228,+,26365,26451,+
21509,21577,+,27784,27852,+
101270,101088,-,123090,122908,-
55326,55370,+,100958,100914,-
79033,79110,+,68748,68671,-
51715,51635,-,53578,53498,-
124440,124520,+,53578,53498,-
113134,113226,+,136192,136284,+
136700,136605,-,165895,165800,-
12370,12450,+,18491,18571,+
32825,32971,+,39808,39954,+
44973,45080,+,51646,51753,+
55384,55316,-,100900,100968,+
52034,51960,-,53960,53886,-
124121,124195,+,53960,53886,-
45196,45044,-,51869,51717,-
100888,101052,+,122654,122818,+
102693,102749,+,125563,125619,+
47302,47264,-,153114,153152,+
128853,128891,+,153114,153152,+
130425,130610,+,158174,158359,+
16950,16994,+,23181,23225,+
33066,33119,+,40304,40357,+
41245,41343,+,47613,47711,+
45954,46007,+,52607,52660,+
71223,71170,-,70710,70763,+
57198,57251,+,98846,98793,-
88457,88495,+,110350,110388,+
98754,98864,+,120344,120454,+
102056,102154,+,123912,124010,+
104889,104966,+,127815,127892,+
127083,127033,-,151219,151169,-
49072,49122,+,151219,151169,-
27479,27568,+,33446,33535,+
85958,85815,-,54932,55075,+
83668,83537,-,56834,56965,+
72047,71931,-,83142,83258,+
55108,55025,-,95069,95152,+
45887,45687,-,52537,52337,-
28893,28840,-,35249,35196,-
120462,120539,+,143803,143880,+
4870,4745,-,8278,8153,-
126643,126599,-,150732,150688,-
49512,49556,+,150732,150688,-
112935,112828,-,135987,135880,-
98049,97858,-,119625,119434,-
96160,96104,-,117615,117559,-
81367,81203,-,59453,59617,+
57185,57238,+,98859,98806,-
63899,63967,+,92318,92250,-
70679,70635,-,85958,86002,+
61808,61734,-,94015,94089,+
96299,96385,+,117801,117887,+
49128,49078,-,151163,151213,+
127027,127077,+,151163,151213,+
48149,48048,-,152267,152368,+
128006,128107,+,152267,152368,+
9044,8976,-,12556,12488,-
22745,22870,+,29207,29332,+
79648,79508,-,68095,68235,+
59045,59152,+,96833,96726,-
74686,74555,-,77712,77843,+
66603,66668,+,91273,91208,-
62707,62531,-,93107,93283,+
59004,58927,-,96892,96969,+
111337,111390,+,134390,134443,+
49415,49347,-,150824,150892,+
126740,126808,+,150824,150892,+
128347,128273,-,152607,152533,-
47808,47882,+,152607,152533,-
127274,127209,-,151438,151373,-
48881,48946,+,151438,151373,-
124300,124205,-,148290,148195,-
51855,51950,+,148290,148195,-
100387,100313,-,122121,122047,-
98493,98371,-,120083,119961,-
124300,124205,-,53782,53877,+
51855,51950,+,53782,53877,+
51645,51683,+,78744,78782,+
76366,76467,+,73878,73777,-
85822,85962,+,55068,54928,-
102902,103072,+,125781,125951,+
126659,126585,-,150748,150674,-
49496,49570,+,150748,150674,-
29071,29127,+,35508,35564,+
78560,78489,-,70783,70854,+
93672,93737,+,115084,115149,+
44737,44621,-,51407,51291,-
106591,106740,+,129541,129690,+
111792,111869,+,134848,134925,+
9612,9445,-,13130,12963,-
124585,124523,-,148640,148578,-
51570,51632,+,148640,148578,-
18433,18495,+,24665,24727,+
20404,20505,+,26627,26728,+
75087,74983,-,77317,77421,+
46289,46200,-,74010,73921,-
57193,57164,-,98852,98881,+
43110,43057,-,49776,49723,-
31391,31347,-,37775,37731,-
136987,137091,+,166200,166304,+
2841,2701,-,2843,2703,-
1112,1285,+,1085,1258,+
28922,28957,+,35289,35324,+
95338,95261,-,117519,117442,-
87810,87766,-,62582,62626,+
55954,56019,+,100163,100098,-
77719,77681,-,71652,71690,+
54839,54889,+,75741,75791,+
58801,58676,-,97095,97220,+
72297,72169,-,72259,72131,-
57198,57163,-,98847,98882,+
103127,103189,+,65850,65788,-
88431,88502,+,110324,110395,+
38027,37683,-,44150,43806,-
103862,104029,+,126779,126946,+
26484,26434,-,32438,32388,-
51716,51642,-,148493,148567,+
124439,124513,+,148493,148567,+
49402,49352,-,150837,150887,+
126753,126803,+,150837,150887,+
2712,2795,+,2714,2797,+
8958,9032,+,12470,12544,+
130117,130085,-,157826,157794,-
127396,127358,-,151620,151582,-
48759,48797,+,151620,151582,-
110002,109880,-,133010,132888,-
43226,43267,+,49892,49933,+
44314,44406,+,50984,51076,+
55382,55438,+,100901,100845,-
51679,51635,-,78778,78734,-
78481,78534,+,70862,70809,-
82195,82239,+,105992,106036,+
57209,57168,-,62786,62745,-
78490,78558,+,115161,115229,+
103545,103625,+,126420,126500,+
13499,13431,-,19673,19605,-
48945,48880,-,151374,151439,+
127210,127275,+,151374,151439,+
47386,47342,-,153030,153074,+
128769,128813,+,153030,153074,+
31179,31250,+,167060,166989,-
22501,22584,+,163769,163686,-
112758,112675,-,135810,135727,-
104824,104708,-,127752,127636,-
60284,60237,-,123061,123014,-
96292,96218,-,117747,117673,-
95095,94916,-,117297,117118,-
88493,88428,-,110386,110321,-
80931,80842,-,104769,104680,-
73773,73669,-,67092,67196,+
60151,60252,+,95690,95589,-
83463,83504,+,91672,91631,-
77281,77352,+,83988,84059,+
70360,70509,+,86277,86128,-
84910,84969,+,95368,95427,+
127282,127323,+,39301,39260,-
32156,32097,-,38567,38508,-
30012,29878,-,36424,36290,-
120040,120129,+,143375,143464,+
48925,48881,-,151394,151438,+
127230,127274,+,151394,151438,+
6191,6111,-,9994,9914,-
125174,125233,+,1181,1122,-
1067,1014,-,1040,987,-
126794,126750,-,150878,150834,-
49361,49405,+,150878,150834,-
23204,23239,+,30574,30609,+
30110,30214,+,36518,36622,+
57165,57194,+,98880,98851,-
67582,67490,-,90249,90341,+
61709,61668,-,94111,94152,+
99916,99966,+,121649,121699,+
128442,128546,+,35375,35271,-
28916,28851,-,35272,35207,-
119881,119934,+,143225,143278,+
118868,118927,+,12799,12740,-
969,805,-,942,778,-
133818,133753,-,3437,3502,+
118876,118802,-,13877,13951,+
127139,127068,-,151278,151207,-
49016,49087,+,151278,151207,-
14660,14725,+,20852,20917,+
18331,18378,+,24563,24610,+
20849,20905,+,27105,27161,+
67374,67433,+,137807,137748,-
30314,30382,+,36725,36793,+
73258,73320,+,131528,131466,-
38127,38282,+,44250,44405,+
111115,111065,-,56021,56071,+
48593,48682,+,70713,70802,+
61741,61809,+,94082,94014,-
85128,85163,+,91470,91435,-
71170,71262,+,84091,83999,-
68030,68068,+,81326,81288,-
73672,73857,+,78627,78442,-
43941,43855,-,68931,68845,-
54327,54223,-,103985,104089,+
59904,59848,-,65962,65906,-
67797,67832,+,110427,110462,+
59904,59848,-,57441,57385,-
32151,32104,-,38562,38515,-
28894,28841,-,35250,35197,-
17957,17868,-,18978,18889,-
136319,136402,+,15843,15760,-
5268,5318,+,5049,5099,+
28375,28488,+,162485,162372,-
26952,27059,+,32919,33026,+
37896,38027,+,44019,44150,+
77981,78040,+,116267,116208,-
81429,81515,+,103470,103384,-
79106,79050,-,68675,68731,+
78546,78481,-,70797,70862,+
75513,75469,-,76061,76105,+
64602,64652,+,86128,86078,-
75316,75351,+,88178,88213,+
55883,55978,+,91285,91380,+
62317,62385,+,105468,105536,+
99476,99556,+,121071,121151,+
101587,101628,+,123417,123458,+
56823,56791,-,134496,134528,+
137298,137339,+,28884,28843,-
111675,111716,+,27543,27502,-
51795,51763,-,148367,148399,+
124360,124392,+,148367,148399,+
48796,48764,-,151583,151615,+
127359,127391,+,151583,151615,+
2460,2636,+,2462,2638,+
31856,31921,+,156478,156413,-
23263,23313,+,29959,30009,+
26400,26501,+,32354,32455,+
42853,42954,+,49519,49620,+
86314,86276,-,53013,53051,+
54854,54889,+,115028,114993,-
90136,90059,-,111313,111236,-
91458,91348,-,61016,61126,+
76635,76582,-,73609,73662,+
64858,64917,+,77869,77928,+
86451,86567,+,86422,86306,-
64304,64351,+,85445,85492,+
120181,120216,+,59109,59074,-
44302,44231,-,50980,50909,-
86015,86047,+,50927,50895,-
44068,44027,-,50740,50699,-
101218,101289,+,123038,123109,+
92650,92697,+,124193,124240,+
103439,103477,+,46045,46007,-
133857,133904,+,38880,38833,-
32282,32238,-,38699,38655,-
49204,49157,-,151088,151135,+
126951,126998,+,151088,151135,+
39428,39381,-,153840,153887,+
3921,3865,-,155521,155577,+
6401,6207,-,10201,10007,-
19627,19592,-,160693,160728,+
3628,3572,-,7047,6991,-
2518,2462,-,2520,2464,-
130089,130145,+,475,419,-
6142,6210,+,168888,168820,-
131253,131227,-,166203,166177,-
11376,11408,+,11711,11743,+
137745,137701,-,16867,16911,+
126982,126950,-,151119,151087,-
49173,49205,+,151119,151087,-
124391,124344,-,148398,148351,-
51764,51811,+,148398,148351,-
110627,110550,-,37040,37117,+
130538,130506,-,43470,43502,+
126877,126731,-,48474,48620,+
90520,90467,-,111715,111662,-
73770,73699,-,95820,95749,-
71629,71516,-,83300,83413,+
69947,70099,+,86710,86558,-
90689,90727,+,77520,77482,-
61973,61938,-,93835,93870,+
72110,72057,-,71399,71346,-
96461,96562,+,117960,118061,+
97380,97451,+,47597,47526,-
128425,128484,+,46654,46595,-
40284,40216,-,46643,46575,-
104113,104160,+,45687,45640,-
110738,110821,+,133791,133874,+
55698,55645,-,137778,137831,+
49404,49360,-,150835,150879,+
126751,126795,+,150835,150879,+
39392,39330,-,153668,153730,+
129765,129821,+,156403,156459,+
130086,130115,+,157795,157824,+
622,524,-,162838,162936,+
6168,6100,-,5228,5160,-
2432,2370,-,2431,2369,-
125651,125613,-,2121,2159,+
137551,137504,-,166766,166719,-
38784,38837,+,161798,161745,-
11770,11817,+,155562,155515,-
118236,118162,-,16692,16766,+
12988,13110,+,16748,16870,+
126802,126752,-,150886,150836,-
49353,49403,+,150886,150836,-
126446,126393,-,150536,150483,-
49709,49762,+,150536,150483,-
114788,114690,-,148122,148024,-
27367,27417,+,26992,27042,+
21222,21266,+,27493,27537,+
111837,111772,-,33036,33101,+
28007,28057,+,38509,38559,+
52592,52642,+,120337,120287,-
44232,44270,+,50910,50948,+
53490,53516,+,56905,56931,+
56395,56454,+,113024,112965,-
93058,92981,-,111706,111629,-
83198,83130,-,110091,110023,-
57174,57206,+,62751,62783,+
57550,57588,+,64350,64388,+
54128,54072,-,104869,104813,-
77543,77505,-,71832,71870,+
57164,57199,+,98881,98846,-
52237,52175,-,88643,88581,-
58256,58128,-,97698,97826,+
85936,85880,-,73006,72950,-
77866,77973,+,71482,71375,-
59748,59813,+,99864,99929,+
95353,95430,+,70852,70775,-
118457,118579,+,65541,65419,-
93765,93830,+,115183,115248,+
39882,39799,-,46238,46155,-
104909,104980,+,127835,127906,+
35455,35429,-,42539,42513,-
131510,131572,+,39296,39234,-
110933,110989,+,133986,134042,+
113115,113267,+,136173,136325,+
137029,137151,+,32384,32262,-
18776,18732,-,26157,26113,-
131446,131475,+,159831,159860,+
119408,119500,+,9057,8965,-
41694,41590,-,162022,162126,+
2790,2752,-,7070,7032,-
136534,136569,+,167728,167763,+
137527,137471,-,165162,165106,-
122207,122121,-,11217,11303,+
130121,130083,-,157830,157792,-
41568,41657,+,156962,156873,-
15832,15876,+,153552,153508,-
114604,114590,-,26646,26660,+
66743,66811,+,143599,143531,-
114203,114141,-,27246,27308,+
120275,120189,-,143319,143233,-
128357,128205,-,28826,28978,+
108008,107955,-,39167,39220,+
36978,37037,+,43344,43403,+
91978,91928,-,46036,46086,+
43377,43463,+,50049,50135,+
125830,125795,-,51425,51460,+
95734,95690,-,117183,117139,-
80221,80280,+,110439,110380,-
99320,99276,-,60704,60748,+
56981,57031,+,106488,106438,-
62774,62857,+,65907,65990,+
53136,53098,-,103868,103830,-
54530,54574,+,67784,67828,+
77425,77336,-,70855,70944,+
88141,88094,-,92677,92630,-
63463,63504,+,81802,81843,+
86513,86478,-,82756,82721,-
88273,88350,+,100384,100461,+
101657,101803,+,67254,67108,-
81458,81526,+,105156,105224,+
67188,67244,+,106032,106088,+
79974,79948,-,63360,63334,-
63797,63750,-,62819,62772,-
56958,56854,-,116763,116867,+
35826,35743,-,35399,35316,-
28692,28639,-,34957,34904,-
109778,109807,+,32276,32247,-
116819,116917,+,140073,140171,+
22584,22480,-,29043,28939,-
20743,20678,-,26993,26928,-
11711,11664,-,17081,17034,-
113819,113857,+,13282,13244,-
137100,137126,+,10573,10547,-
137739,137789,+,160790,160840,+
119799,119831,+,5433,5401,-
17992,17909,-,169070,169153,+
29275,29201,-,169546,169620,+
131569,131646,+,249,172,-
136575,136477,-,165770,165672,-
3935,3982,+,7207,7254,+
133715,133623,-,13791,13883,+
13543,13584,+,19735,19776,+
15533,15625,+,21710,21802,+
121961,121917,-,145287,145243,-
131479,131435,-,25896,25940,+
25752,25817,+,31706,31771,+
90177,90112,-,136058,135993,-
87576,87517,-,136014,135955,-
66658,66569,-,134142,134053,-
127659,127558,-,38328,38429,+
105935,105870,-,129754,129689,-
34856,35062,+,41940,42146,+
102137,102057,-,123993,123913,-
89390,89340,-,47907,47957,+
97483,97451,-,118983,118951,-
45785,45820,+,52435,52470,+
98252,98178,-,54317,54391,+
86303,86262,-,63845,63886,+
46803,46913,+,68444,68554,+
77517,77410,-,71859,71966,+
76715,76665,-,73526,73576,+
62828,62887,+,80954,81013,+
72504,72433,-,82658,82729,+
69910,69842,-,82681,82749,+
87198,87224,+,83701,83675,-
87746,87799,+,81377,81324,-
86372,86331,-,81071,81030,-
86697,86744,+,95549,95596,+
80397,80510,+,98304,98417,+
67577,67539,-,70820,70782,-
81780,81742,-,70746,70708,-
67098,67069,-,68636,68607,-
61345,61449,+,102514,102618,+
81564,81523,-,63893,63852,-
56751,56707,-,61604,61560,-
90423,90512,+,111096,111185,+
57728,57675,-,55265,55212,-
85976,86053,+,118647,118724,+
107583,107636,+,130527,130580,+
31208,31149,-,37622,37563,-
26193,26098,-,32144,32049,-
18404,18360,-,25809,25765,-
15617,15582,-,23728,23693,-
135869,135898,+,17001,16972,-
25628,25557,-,158044,158115,+
777,797,+,168060,168040,-
37931,37984,+,164031,163978,-
5646,5690,+,160832,160788,-
130083,130048,-,157788,157753,-
130079,130047,-,157784,157752,-
39382,39429,+,153886,153839,-
127064,127026,-,151200,151162,-
49091,49129,+,151200,151162,-
64624,64659,+,146944,146909,-
17985,18041,+,24147,24203,+
26417,26446,+,32371,32400,+
65574,65527,-,132165,132118,-
89741,89637,-,46246,46350,+
76564,76710,+,120705,120559,-
121504,121430,-,54521,54595,+
55078,55110,+,114390,114358,-
82281,82180,-,58461,58562,+
74585,74550,-,98227,98192,-
74962,74912,-,77442,77492,+
81530,81574,+,91983,91939,-
63222,63302,+,88065,87985,-
70159,70257,+,86497,86399,-
52139,52101,-,84399,84361,-
79114,79155,+,93071,93112,+
60113,60072,-,97925,97966,+
80655,80735,+,66756,66676,-
42933,42832,-,64508,64407,-
119044,119091,+,64118,64071,-
41602,41564,-,63888,63850,-
41235,41155,-,60039,59959,-
59298,59212,-,56421,56335,-
40453,40337,-,50527,50411,-
99662,99697,+,121257,121292,+
98463,98495,+,122039,122071,+
125512,125583,+,46346,46275,-
100977,101033,+,46248,46192,-
37795,37709,-,43918,43832,-
104066,104212,+,126983,127129,+
37033,36977,-,43399,43343,-
95883,95912,+,127413,127442,+
53479,53390,-,132845,132934,+
110419,110568,+,133463,133612,+
112092,112172,+,135144,135224,+
53036,52959,-,136252,136329,+
110739,110774,+,31344,31309,-
131299,131376,+,28555,28478,-
19376,19326,-,25605,25555,-
135329,135361,+,18412,18380,-
112281,112331,+,17910,17860,-
15417,15382,-,17375,17340,-
14741,14673,-,14899,14831,-
45537,45388,-,159738,159887,+
37989,37924,-,163973,164038,+
34135,34079,-,165924,165980,+
3979,3914,-,4142,4077,-
2977,2879,-,2979,2881,-
137919,137975,+,169536,169592,+
7374,7273,-,170343,170444,+
21079,21005,-,170391,170465,+
134552,134469,-,671,754,+
20659,20694,+,166209,166174,-
25158,25190,+,163021,162989,-
131274,131206,-,160682,160614,-
135489,135451,-,19521,19559,+
117538,117503,-,25700,25735,+
19528,19563,+,25754,25789,+
27648,27683,+,37911,37946,+
101303,101265,-,40231,40269,+
54787,54813,+,127025,126999,-
63363,63325,-,123605,123567,-
88784,88737,-,49839,49886,+
55615,55683,+,56795,56863,+
55705,55806,+,57318,57419,+
56770,56796,+,112522,112496,-
80529,80491,-,64177,64215,+
86186,86103,-,64727,64810,+
48458,48508,+,68924,68974,+
77617,77579,-,71757,71795,+
78141,78103,-,98759,98721,-
64576,64638,+,74216,74278,+
60249,60305,+,77286,77342,+
74035,74006,-,80948,80977,+
68211,68179,-,83634,83666,+
88041,88006,-,85454,85419,-
71682,71738,+,80222,80166,-
72540,72560,+,79249,79229,-
64406,64374,-,91795,91827,+
76714,76752,+,73529,73491,-
78566,78616,+,70767,70717,-
78570,78626,+,70763,70707,-
61638,61609,-,67537,67508,-
119449,119481,+,61529,61497,-
54912,54868,-,60393,60349,-
61999,61964,-,59597,59562,-
73376,73462,+,114344,114430,+
96454,96561,+,117953,118060,+
97438,97557,+,118050,118169,+
44247,44197,-,50925,50875,-
104788,104874,+,125605,125691,+
39830,39801,-,44479,44450,-
35188,35144,-,42686,42642,-
36818,36780,-,39856,39818,-
107842,107898,+,38053,37997,-
136715,136756,+,35579,35538,-
115355,115441,+,138585,138671,+
25140,25006,-,31448,31314,-
118330,118446,+,141584,141700,+
53108,53001,-,147877,147984,+
14724,14683,-,20916,20875,-
13743,13705,-,13423,13385,-
130081,130116,+,157790,157825,+
130085,130117,+,157794,157826,+
3993,3949,-,10368,10324,-
135274,135312,+,163406,163444,+
138243,138302,+,4633,4574,-
2494,2411,-,3377,3294,-
1000,950,-,3032,2982,-
128265,128098,-,152526,152359,-
47890,48057,+,152526,152359,-
126446,126276,-,150536,150366,-
49709,49879,+,150536,150366,-
