21557,19740,-,16997,15180,-
44724,43144,-,40004,38424,-
32890,34563,+,28352,30025,+
134808,133732,-,113484,112408,-
136088,134958,-,114762,113632,-
39650,40765,+,34086,35201,+
20479,21573,+,15919,17013,+
98066,97086,-,59076,60056,+
148566,149210,+,53049,52405,-
148566,149210,+,126285,126929,+
25539,24760,-,20918,20139,-
149209,148577,-,126928,126296,-
149209,148577,-,52406,53038,+
93030,93791,+,64043,63282,-
149156,148578,-,126875,126297,-
149156,148578,-,52459,53037,+
148571,149209,+,53044,52406,-
148571,149209,+,126290,126928,+
152569,153153,+,49252,48668,-
152569,153153,+,130082,130666,+
11999,11433,-,8151,7585,-
43712,44446,+,38992,39726,+
46360,47004,+,41404,42048,+
153152,152550,-,130665,130063,-
153152,152550,-,48669,49271,+
47179,47859,+,42220,42900,+
54739,55506,+,87346,86579,-
137036,136518,-,115704,115186,-
120627,119794,-,100754,99921,-
152561,153151,+,49260,48670,-
152561,153151,+,130074,130664,+
153151,152534,-,130664,130047,-
153151,152534,-,48670,49287,+
114585,113890,-,94902,94207,-
152520,153074,+,49301,48747,-
152520,153074,+,130033,130587,+
784,1371,+,811,1398,+
12109,12762,+,8413,9066,+
131747,131163,-,110560,109976,-
40665,39988,-,35101,34424,-
82867,83397,+,74249,73719,-
11124,10696,-,7273,6845,-
33557,32883,-,29019,28345,-
19890,21284,+,15330,16724,+
153150,152662,-,130663,130175,-
153150,152662,-,48671,49159,+
51953,52615,+,46704,47366,+
148941,148579,-,126660,126298,-
148941,148579,-,52674,53036,+
51516,51950,+,46247,46681,+
2469,2984,+,2467,2982,+
217,717,+,241,741,+
50982,51446,+,45716,46180,+
137903,137544,-,116565,116206,-
136528,137016,+,115196,115684,+
149230,149610,+,52387,52007,-
149230,149610,+,126947,127327,+
129862,129467,-,108640,108245,-
26328,25642,-,21719,21033,-
152004,151702,-,129518,129216,-
130509,129901,-,109298,108690,-
49295,49768,+,44038,44511,+
152004,151702,-,49816,50118,+
149607,149230,-,127324,126947,-
149607,149230,-,52010,52387,+
149229,149609,+,52388,52008,-
149229,149609,+,126946,127326,+
142284,141886,-,120753,120355,-
152289,152026,-,129798,129535,-
129011,128643,-,107798,107430,-
152289,152026,-,49536,49799,+
165363,165896,+,137896,138429,+
134510,134803,+,113186,113479,+
139771,139400,-,118216,117845,-
149573,149277,-,127290,126994,-
149573,149277,-,52044,52340,+
151704,152009,+,50116,49811,-
151704,152009,+,129218,129523,+
26736,26341,-,22130,21735,-
152012,151710,-,129526,129224,-
137446,137054,-,116119,115727,-
152012,151710,-,49808,50110,+
59389,59165,-,82014,82238,+
103966,104418,+,55477,55025,-
58388,58759,+,82953,82582,-
151706,151960,+,50114,49860,-
151706,151960,+,129220,129474,+
73592,74101,+,78308,77799,-
152023,152286,+,49802,49539,-
152023,152286,+,129532,129795,+
77491,77183,-,76507,76815,+
152288,152043,-,129797,129552,-
152288,152043,-,49537,49782,+
140638,140348,-,119098,118808,-
135643,136086,+,114317,114760,+
19251,18814,-,14764,14327,-
1373,987,-,1400,1014,-
22335,22850,+,17751,18266,+
12883,13329,+,9181,9627,+
151732,152013,+,50088,49807,-
151732,152013,+,129246,129527,+
152287,152027,-,129796,129536,-
152287,152027,-,49538,49798,+
18801,18424,-,14317,13940,-
152027,152317,+,49798,49508,-
152027,152317,+,129536,129826,+
141802,141368,-,120274,119840,-
27955,28332,+,23245,23622,+
24953,25351,+,20332,20730,+
52607,52978,+,47355,47726,+
135253,135585,+,113927,114259,+
123459,123139,-,103349,103029,-
151957,151709,-,129471,129223,-
151957,151709,-,49863,50111,+
152028,152288,+,49797,49537,-
152028,152288,+,129537,129797,+
2983,2468,-,2981,2466,-
59184,59390,+,82219,82013,-
20029,20277,+,15469,15717,+
42175,41699,-,36516,36040,-
11434,11811,+,7586,7963,+
10602,10270,-,6766,6434,-
114083,114472,+,94400,94789,+
83632,83901,+,73487,73218,-
93790,93341,-,63283,63732,+
128644,129012,+,107431,107799,+
123125,123454,+,103015,103344,+
43166,43423,+,38446,38703,+
45412,45771,+,40456,40815,+
116782,116363,-,97064,96645,-
45066,44842,-,40328,40104,-
44492,44725,+,39772,40005,+
139458,139751,+,117903,118196,+
141899,142279,+,120368,120748,+
95376,95687,+,61724,61413,-
40591,39758,-,35027,34194,-
47552,47187,-,42593,42228,-
149440,149228,-,127157,126945,-
149440,149228,-,52177,52389,+
150727,150987,+,50921,50661,-
131164,131463,+,109977,110276,+
150727,150987,+,128413,128673,+
139297,139112,-,117736,117551,-
123900,123571,-,103765,103436,-
142740,142552,-,121212,121024,-
133132,132842,-,111858,111568,-
43345,44031,+,38625,39311,+
150201,150401,+,51449,51249,-
150201,150401,+,127885,128085,+
150980,150726,-,128666,128412,-
150980,150726,-,50668,50922,+
95898,96266,+,61205,60837,-
150199,149999,-,127882,127682,-
128523,128179,-,107325,106981,-
118917,118666,-,99128,98877,-
150199,149999,-,51452,51652,+
144348,144094,-,122697,122443,-
150005,150211,+,51646,51440,-
150005,150211,+,127688,127894,+
140887,140714,-,119365,119192,-
150360,150211,-,128044,127895,-
150360,150211,-,51290,51439,+
152526,152329,-,130038,129841,-
152526,152329,-,49296,49493,+
19524,19339,-,15028,14843,-
149208,149008,-,126927,126727,-
149208,149008,-,52407,52607,+
129474,129806,+,108252,108584,+
150403,150200,-,128087,127884,-
18491,18802,+,14007,14318,+
150403,150200,-,51247,51450,+
123112,122861,-,103012,102761,-
32206,32439,+,27685,27918,+
52590,52081,-,47341,46832,-
127308,126820,-,106116,105628,-
133964,134170,+,112640,112846,+
99477,99166,-,57772,58083,+
150982,150737,-,128668,128423,-
150982,150737,-,50666,50911,+
93292,93029,-,63781,64044,+
1569,1739,+,1583,1753,+
126284,125994,-,105116,104826,-
50534,50821,+,45265,45552,+
152311,152526,+,49511,49296,-
152311,152526,+,129823,130038,+
150532,150365,-,128215,128048,-
134695,134309,-,113371,112985,-
150532,150365,-,51119,51286,+
2007,2243,+,2014,2250,+
131055,130870,-,109857,109672,-
94177,94548,+,62902,62531,-
136521,137018,+,115189,115686,+
127921,127748,-,106723,106550,-
86540,86866,+,72074,71748,-
152510,152310,-,130022,129822,-
152510,152310,-,49312,49512,+
141202,140924,-,119674,119396,-
124227,124030,-,104086,103889,-
150212,150367,+,51438,51283,-
150212,150367,+,127896,128051,+
143529,143341,-,121914,121726,-
134278,133850,-,112954,112526,-
37726,38016,+,32758,33048,+
133733,133909,+,112409,112585,+
10697,10936,+,6846,7085,+
7407,7159,-,3993,3745,-
150214,150372,+,51436,51278,-
150214,150372,+,127898,128056,+
43478,43654,+,38758,38934,+
34160,33771,-,29622,29233,-
150371,150204,-,128055,127888,-
150371,150204,-,51279,51446,+
143976,143689,-,122355,122068,-
134231,134461,+,112907,113137,+
140352,140621,+,118812,119081,+
77971,77711,-,76021,76281,+
24732,24514,-,20117,19899,-
147648,147430,-,125514,125296,-
140230,139808,-,118702,118280,-
139101,139295,+,117540,117734,+
4,180,+,28,204,+
34388,34215,-,29850,29677,-
134834,134427,-,113510,113103,-
36171,36485,+,31175,31489,+
93791,93531,-,63282,63542,+
77686,77540,-,76312,76458,+
118667,118912,+,98878,99123,+
152527,152321,-,130039,129833,-
152527,152321,-,49295,49501,+
149995,150201,+,51656,51450,-
149995,150201,+,127678,127884,+
132849,133073,+,111575,111799,+
141474,141824,+,119946,120296,+
78434,78643,+,75458,75249,-
89856,90128,+,69939,69667,-
97564,97830,+,59578,59312,-
136316,136143,-,114984,114811,-
32442,32777,+,27909,28244,+
47887,48078,+,42925,43116,+
46622,46449,-,41666,41493,-
134922,134812,-,113595,113485,-
116217,115996,-,96520,96299,-
97132,97437,+,60010,59705,-
119960,120295,+,100087,100422,+
150198,150004,-,127881,127687,-
150198,150004,-,51453,51647,+
152310,152516,+,49512,49306,-
152310,152516,+,129822,130028,+
122785,122618,-,102739,102572,-
150514,150669,+,51135,50980,-
134539,134805,+,113215,113481,+
150514,150669,+,128199,128354,+
49940,50284,+,44671,45015,+
152276,152521,+,49546,49301,-
152276,152521,+,129788,130033,+
39939,39661,-,34375,34097,-
134041,134343,+,112717,113019,+
138052,137918,-,116707,116573,-
136974,136519,-,115642,115187,-
44858,45070,+,40120,40332,+
133741,134019,+,112417,112695,+
150531,150367,-,128214,128050,-
133738,133427,-,112422,112111,-
125693,125568,-,104548,104423,-
44125,44415,+,39405,39695,+
150531,150367,-,51120,51284,+
150852,150986,+,50796,50662,-
150852,150986,+,128538,128672,+
31781,31981,+,27269,27469,+
142559,142756,+,121031,121228,+
8278,8087,-,4718,4527,-
145913,145731,-,124385,124203,-
138373,138116,-,117028,116771,-
92251,92403,+,65225,65073,-
51856,51656,-,46587,46387,-
10298,10597,+,6462,6761,+
149608,149486,-,127325,127203,-
22893,23153,+,18303,18563,+
149608,149486,-,52009,52131,+
137058,137459,+,115731,116132,+
150367,150528,+,51284,51123,-
150367,150528,+,128050,128211,+
150197,150003,-,127880,127686,-
150197,150003,-,51454,51648,+
104321,103971,-,55122,55472,+
150531,150650,+,51118,50999,-
150531,150650,+,128216,128335,+
12380,12105,-,8684,8409,-
117522,117334,-,97781,97593,-
78113,78394,+,75779,75498,-
150356,150511,+,51295,51140,-
150356,150511,+,128039,128194,+
1738,1562,-,1752,1576,-
28196,27975,-,23486,23265,-
143741,143923,+,122120,122302,+
20443,19865,-,15883,15305,-
83443,83598,+,73670,73515,-
132427,132618,+,111238,111429,+
117004,116846,-,97274,97116,-
50739,50581,-,45470,45312,-
11098,10808,-,7247,6957,-
131885,131751,-,110695,110561,-
121285,121055,-,101410,101180,-
124025,124219,+,103884,104078,+
86057,86356,+,72537,72238,-
53146,53364,+,131393,131175,-
53146,53364,+,47941,48159,+
149648,149749,+,51970,51869,-
44344,44018,-,39624,39298,-
149648,149749,+,127364,127465,+
59616,59461,-,81806,81961,+
130886,131053,+,109688,109855,+
137551,137685,+,116213,116347,+
127581,127366,-,106366,106151,-
32438,32211,-,27917,27690,-
10988,11110,+,7137,7259,+
124027,123884,-,103887,103744,-
118626,118426,-,98840,98640,-
150869,150988,+,50779,50660,-
150869,150988,+,128555,128674,+
150649,150530,-,128334,128215,-
119406,119182,-,99544,99320,-
150649,150530,-,51000,51119,+
71652,71822,+,79381,79211,-
94574,94110,-,62505,62969,+
150650,150528,-,128335,128213,-
150650,150528,-,50999,51121,+
100235,100098,-,57080,57217,+
150651,150532,-,128336,128217,-
150651,150532,-,50998,51117,+
39494,39649,+,33927,34082,+
121947,121780,-,101933,101766,-
149749,149648,-,127465,127364,-
149749,149648,-,51869,51970,+
47825,47580,-,42866,42621,-
140754,140888,+,119232,119366,+
137931,138113,+,116586,116768,+
59168,59392,+,82235,82011,-
49551,49399,-,44294,44142,-
149750,149649,-,127466,127365,-
149750,149649,-,51868,51969,+
90366,90647,+,69426,69145,-
51145,50984,-,45879,45718,-
1398,1520,+,1424,1546,+
1314,988,-,1341,1015,-
149721,149647,-,127437,127363,-
149721,149647,-,51897,51971,+
51800,51474,-,46531,46205,-
120350,120622,+,100477,100749,+
33534,33283,-,28996,28745,-
136517,136320,-,115188,114991,-
118180,117977,-,98398,98195,-
117756,117532,-,98018,97794,-
128077,127943,-,106882,106748,-
41080,41250,+,35498,35668,+
46102,46245,+,41149,41292,+
74082,73789,-,77818,78111,+
147383,147637,+,125249,125503,+
9993,10196,+,6039,6242,+
130810,130526,-,109597,109313,-
85814,85963,+,72777,72628,-
149649,149738,+,51969,51880,-
149649,149738,+,127365,127454,+
18815,19024,+,14328,14537,+
21810,21676,-,17265,17131,-
97025,96891,-,60117,60251,+
77309,77623,+,76689,76375,-
59803,59660,-,81631,81774,+
9831,9992,+,5874,6035,+
20332,20406,+,15772,15846,+
42817,42644,-,37200,37027,-
95700,95852,+,61403,61251,-
134956,135135,+,113630,113809,+
117886,117797,-,98101,98012,-
151583,151693,+,50202,50092,-
42502,42386,-,36840,36724,-
151583,151693,+,129132,129242,+
150735,150830,+,50913,50818,-
150735,150830,+,128421,128516,+
134813,134923,+,113486,113596,+
10864,11124,+,7013,7273,+
38656,38775,+,33655,33774,+
83111,82863,-,74005,74253,+
93596,93769,+,63477,63304,-
34416,34144,-,29878,29606,-
25033,25344,+,20412,20723,+
32056,32205,+,27538,27687,+
99147,98896,-,58099,58350,+
58775,58885,+,82560,82450,-
94585,94737,+,62497,62345,-
58566,58387,-,82775,82954,+
21672,21580,-,17124,17032,-
150981,150898,-,128667,128584,-
38509,38598,+,33514,33603,+
47023,47142,+,42064,42183,+
150981,150898,-,50667,50750,+
95536,95390,-,61564,61710,+
151578,151637,+,50207,50148,-
22765,22517,-,18181,17933,-
151578,151637,+,129127,129186,+
148396,148298,-,126163,126065,-
53676,53774,+,126163,126065,-
148396,148298,-,53171,53269,+
53676,53774,+,53171,53269,+
55724,55398,-,86361,86687,+
136165,136317,+,114833,114985,+
104259,103969,-,55184,55474,+
11812,11543,-,7964,7695,-
45790,45921,+,40840,40971,+
131199,131414,+,110012,110227,+
137743,137841,+,116405,116503,+
40427,40654,+,34602,34829,+
38015,37815,-,33047,32847,-
179,3,-,203,27,-
53773,53675,-,53268,53170,-
148299,148397,+,53268,53170,-
53773,53675,-,126066,126164,+
148299,148397,+,126066,126164,+
151637,151581,-,129186,129130,-
27019,27093,+,22383,22457,+
151637,151581,-,50148,50204,+
55373,55152,-,86712,86933,+
52914,52729,-,47662,47477,-
31974,31831,-,27462,27319,-
11235,11140,-,7396,7301,-
150551,150661,+,51098,50988,-
131506,131718,+,110319,110531,+
150551,150661,+,128236,128346,+
96076,95897,-,61027,61206,+
98813,98881,+,58421,58353,-
150737,150826,+,50911,50822,-
150737,150826,+,128423,128512,+
151636,151583,-,129185,129132,-
150825,150736,-,128511,128422,-
151636,151583,-,50149,50202,+
150825,150736,-,50823,50912,+
116364,116510,+,96646,96792,+
122427,122209,-,102416,102198,-
98880,98812,-,58354,58422,+
39633,39496,-,34066,33929,-
32692,32531,-,28159,27998,-
140390,140632,+,118850,119092,+
143417,143527,+,121802,121912,+
428,219,-,452,243,-
55082,54933,-,87003,87152,+
116847,117005,+,97117,97275,+
26078,26329,+,21469,21720,+
92724,93017,+,64358,64065,-
71758,71660,-,79275,79373,+
137601,137807,+,116263,116469,+
21552,21349,-,16992,16789,-
6966,6883,-,3402,3319,-
147387,147262,-,125256,125131,-
32880,33155,+,28342,28617,+
122121,121990,-,102107,101976,-
58220,58324,+,83121,83017,-
150003,150095,+,51648,51556,-
150456,150536,+,51195,51115,-
117335,117517,+,97594,97776,+
48077,47886,-,43115,42924,-
118675,118962,+,98886,99173,+
150003,150095,+,127686,127778,+
150456,150536,+,128139,128219,+
11715,11527,-,7867,7679,-
132644,132522,-,111455,111333,-
55768,55869,+,86314,86213,-
11586,11738,+,7738,7890,+
53772,53557,-,53267,53052,-
127755,127928,+,106557,106730,+
53772,53557,-,126067,126282,+
53759,53673,-,53254,53168,-
148313,148399,+,53254,53168,-
53759,53673,-,126080,126166,+
148313,148399,+,126080,126166,+
170158,170054,-,140041,139937,-
2238,2312,+,2248,2322,+
21590,21706,+,17042,17158,+
50867,50977,+,45592,45702,+
98879,98811,-,58355,58423,+
150674,150733,+,50976,50917,-
125572,125649,+,104427,104504,+
150674,150733,+,128358,128417,+
148398,148300,-,126165,126067,-
53674,53772,+,126165,126067,-
45958,46071,+,41011,41124,+
148398,148300,-,53169,53267,+
53674,53772,+,53169,53267,+
77712,77858,+,76280,76134,-
97870,98058,+,59272,59084,-
27098,27018,-,22462,22382,-
2843,2637,-,2841,2635,-
96845,96705,-,60291,60431,+
77544,77684,+,76454,76314,-
79739,79587,-,74757,74909,+
165903,166103,+,138424,138624,+
26929,27009,+,22298,22378,+
35953,36246,+,30956,31249,+
57314,57391,+,84159,84082,-
100099,100218,+,57216,57097,-
2373,2444,+,2374,2445,+
148591,148493,-,126311,126213,-
33417,33533,+,28879,28995,+
148591,148493,-,53023,53121,+
55582,55677,+,86503,86408,-
77244,77384,+,76754,76614,-
83597,83457,-,73516,73656,+
65914,65849,-,84080,84145,+
57393,57328,-,84080,84145,+
129989,130078,+,108778,108867,+
13130,12873,-,9428,9171,-
12603,12370,-,8907,8674,-
59388,59182,-,82015,82221,+
135882,136076,+,114556,114750,+
2242,2111,-,2249,2118,-
100964,100914,-,56522,56572,+
91203,91274,+,68640,68569,-
55068,54928,-,87017,87157,+
47709,47467,-,42750,42508,-
148397,148299,-,126164,126066,-
148397,148299,-,53170,53268,+
50556,50410,-,45287,45141,-
21286,21074,-,16726,16514,-
9351,9536,+,5391,5576,+
42666,42809,+,37049,37192,+
93284,93027,-,63789,64046,+
86685,86548,-,71929,72066,+
7202,7321,+,3788,3907,+
135987,135853,-,114661,114527,-
86371,86514,+,72236,72093,-
91038,91193,+,68802,68647,-
1101,1376,+,1128,1403,+
145431,145324,-,123840,123733,-
134685,134530,-,115452,115297,-
118333,118232,-,98551,98450,-
117636,117442,-,97169,96975,-
71190,71297,+,79822,79715,-
135051,135227,+,113725,113901,+
53508,53579,+,126284,126213,-
24563,24727,+,19948,20112,+
133387,133289,-,112083,111985,-
44458,44724,+,39738,40004,+
53508,53579,+,53050,53121,+
76157,76222,+,77098,77033,-
47117,47022,-,42158,42063,-
145735,145914,+,124207,124386,+
131340,131173,-,110153,109986,-
79588,79713,+,74908,74783,-
83867,83802,-,73252,73317,+
151564,151626,+,50221,50159,-
33725,33612,-,29187,29074,-
151564,151626,+,129113,129175,+
145644,145477,-,124068,123901,-
134189,134073,-,112865,112749,-
40072,40185,+,34508,34621,+
92402,92250,-,65074,65226,+
114280,114471,+,94597,94788,+
33535,33416,-,28997,28878,-
142546,142755,+,121018,121227,+
11397,11260,-,7555,7418,-
98817,98882,+,58417,58352,-
27109,27201,+,22463,22555,+
78588,78442,-,75304,75450,+
20985,20794,-,16425,16234,-
138685,138530,-,117181,117026,-
129238,129038,-,108016,107816,-
126407,126339,-,105239,105171,-
85938,85819,-,72653,72772,+
91894,92022,+,65569,65441,-
76281,76159,-,76974,77096,+
97095,97229,+,60047,59913,-
143289,143212,-,121665,121588,-
100799,100728,-,56672,56743,+
58952,59038,+,82392,82306,-
59649,59855,+,81785,81579,-
95677,95576,-,61423,61524,+
148494,148592,+,53120,53022,-
116390,116644,+,96672,96926,+
148494,148592,+,126214,126312,+
10483,10572,+,6647,6736,+
25418,25540,+,20797,20919,+
111196,111095,-,92213,92112,-
104098,103985,-,55345,55458,+
97824,97699,-,59318,59443,+
33264,33088,-,28726,28550,-
18894,18772,-,14179,14057,-
115592,115491,-,95910,95809,-
83747,83646,-,73372,73473,+
92265,92372,+,65211,65104,-
58627,58451,-,82714,82890,+
49155,49045,-,43905,43795,-
130130,130213,+,108919,109002,+
701,594,-,725,618,-
27724,27804,+,23031,23111,+
77457,77308,-,76541,76690,+
151161,151199,+,50536,50498,-
151161,151199,+,128798,128836,+
13071,12919,-,9369,9217,-
9994,9845,-,6037,5888,-
6896,6967,+,3332,3403,+
136714,136574,-,115382,115242,-
50740,50672,-,45471,45403,-
951,778,-,978,805,-
1568,1714,+,1582,1728,+
151629,151582,-,129178,129131,-
151219,151160,-,128856,128797,-
146114,146013,-,124577,124476,-
25862,25975,+,21253,21366,+
131148,131092,-,109941,109885,-
36725,36943,+,31730,31948,+
151629,151582,-,50156,50203,+
151219,151160,-,50478,50537,+
104486,104355,-,54957,55088,+
89968,89858,-,69827,69937,+
95187,95285,+,61901,61803,-
100900,100968,+,56586,56518,-
117801,117887,+,98016,98102,+
46988,46878,-,42032,41922,-
134818,134925,+,113491,113598,+
71832,71966,+,79206,79072,-
76159,76215,+,77096,77040,-
151205,151279,+,50495,50421,-
123912,124019,+,103772,103879,+
30508,30392,-,25036,24920,-
151205,151279,+,128839,128913,+
884,783,-,911,810,-
16094,16150,+,12055,12111,+
144642,144460,-,122988,122806,-
28026,28202,+,23316,23492,+
135223,135143,-,113897,113817,-
143216,143296,+,121592,121672,+
151440,151378,-,129049,128987,-
19903,19944,+,15343,15384,+
38507,38566,+,33512,33571,+
47613,47711,+,42654,42752,+
50402,50464,+,45133,45195,+
151440,151378,-,50285,50347,+
56831,56965,+,84867,84733,-
77624,77319,-,76374,76679,+
76216,76163,-,77039,77092,+
151201,151278,+,50499,50422,-
116087,116218,+,96390,96521,+
151201,151278,+,128835,128912,+
28528,28641,+,23632,23745,+
47430,47528,+,42471,42569,+
115472,115311,-,95772,95611,-
73414,73530,+,78485,78369,-
92370,92257,-,65106,65219,+
44539,44378,-,39819,39658,-
74214,74113,-,77683,77784,+
100735,100797,+,56736,56674,-
41168,41064,-,35586,35482,-
32144,32049,-,27626,27531,-
16096,16149,+,12057,12110,+
151249,151202,-,128883,128836,-
140864,140715,-,119342,119193,-
33243,33371,+,28705,28833,+
35289,35354,+,30336,30401,+
50984,51190,+,45718,45924,+
151249,151202,-,50451,50498,+
96062,95985,-,61041,61118,+
77433,77492,+,76565,76506,-
70755,70696,-,77051,77110,+
92523,92702,+,64565,64386,-
94015,94086,+,63067,62996,-
52537,52352,-,47288,47103,-
50467,50408,-,45198,45139,-
46802,46668,-,41846,41712,-
170422,170336,-,140301,140215,-
57379,57329,-,84094,84144,+
53578,53507,-,53120,53049,-
51583,51551,-,46314,46282,-
51430,51353,-,46164,46087,-
127995,128075,+,106800,106880,+
53578,53507,-,126214,126285,+
26368,26451,+,21762,21845,+
41715,41810,+,36056,36151,+
120086,119961,-,100213,100088,-
115234,115169,-,95533,95468,-
111475,111368,-,91985,91878,-
54932,55075,+,87153,87010,-
100886,100845,-,56599,56640,+
50142,50068,-,44873,44799,-
126381,126587,+,105231,105437,+
128189,128353,+,106991,107155,+
35349,35287,-,30396,30334,-
27008,26928,-,22377,22297,-
12640,12488,-,8944,8792,-
151438,151373,-,129047,128982,-
150734,150672,-,128418,128356,-
151438,151373,-,50287,50352,+
150734,150672,-,50916,50978,+
150803,150892,+,50843,50754,-
151332,151439,+,50393,50286,-
119992,120084,+,100119,100211,+
44390,44259,-,39670,39539,-
37775,37725,-,32807,32757,-
29043,28948,-,24124,24029,-
16961,16890,-,13223,13152,-
150803,150892,+,128491,128580,+
151332,151439,+,128941,129048,+
161063,161179,+,136430,136546,+
169921,169811,-,139845,139735,-
7207,7350,+,3793,3936,+
150748,150674,-,128432,128358,-
32306,32455,+,27785,27934,+
117291,117121,-,96803,96633,-
150748,150674,-,50902,50976,+
97152,97093,-,59990,60049,+
62751,62795,+,81565,81521,-
80951,80986,+,71568,71603,+
93107,93283,+,63966,63790,-
103985,104089,+,55458,55354,-
58285,58350,+,89776,89841,+
51325,51269,-,46059,46003,-
49761,49720,-,44504,44463,-
16163,16095,-,12124,12056,-
150732,150688,-,128416,128372,-
23181,23225,+,18588,18632,+
26937,27008,+,22306,22377,+
29285,29371,+,24363,24449,+
103609,103553,-,97500,97444,-
150732,150688,-,50918,50962,+
93204,93109,-,63869,63964,+
67170,67042,-,80901,81029,+
55275,55138,-,86810,86947,+
150673,150735,+,50977,50915,-
150673,150735,+,128357,128419,+
16769,16740,-,13039,13010,-
2847,2662,-,2845,2660,-
174,4,-,198,28,-
12470,12640,+,8774,8944,+
21327,21440,+,16767,16880,+
26348,26401,+,21742,21795,+
134342,134259,-,113018,112935,-
111715,111662,-,92210,92157,-
90103,90014,-,69692,69781,+
102150,102112,-,61611,61573,-
66840,66673,-,81185,81352,+
97094,97153,+,60048,59989,-
148502,148567,+,53112,53047,-
115162,115224,+,95461,95523,+
49618,49439,-,44361,44182,-
134410,134490,+,113086,113166,+
148502,148567,+,126222,126287,+
6593,6528,-,133243,133308,+
5276,5154,-,6062,5940,-
35288,35398,+,30335,30445,+
42384,42506,+,36722,36844,+
91810,91715,-,93529,93434,-
110368,110321,-,90164,90117,-
68063,67968,-,85210,85115,-
72423,72271,-,58478,58326,-
52026,51976,-,46777,46727,-
44579,44493,-,39859,39773,-
33756,33649,-,29218,29111,-
25346,25299,-,20725,20678,-
24202,24125,-,19663,19586,-
2044,2006,-,2051,2013,-
2711,2797,+,2709,2795,+
16741,16770,+,13011,13040,+
21659,21802,+,17114,17257,+
163769,163686,-,24041,24124,+
134883,134836,-,115677,115630,-
41301,41372,+,37009,37080,+
77661,77554,-,76337,76444,+
97698,97838,+,59444,59304,-
63484,63431,-,90553,90606,+
76167,76232,+,94124,94189,+
123054,123101,+,102954,103001,+
126833,126940,+,105641,105748,+
38562,38509,-,33567,33514,-
25635,25555,-,21023,20943,-
52382,52332,-,131610,131660,+
13415,13305,-,9713,9603,-
167693,167589,-,17773,17877,+
48238,48366,+,43243,43371,+
50910,50948,+,45635,45673,+
115030,114944,-,95331,95245,-
94082,94014,-,63000,63068,+
97289,97209,-,63234,63314,+
59728,59787,+,71500,71559,+
92430,92395,-,73183,73218,+
83769,83656,-,73350,73463,+
151394,151438,+,50331,50287,-
50950,50909,-,45675,45634,-
38567,38508,-,33572,33513,-
35250,35197,-,30308,30255,-
35249,35202,-,30307,30260,-
135414,135527,+,114088,114201,+
151394,151438,+,129003,129047,+
156403,156468,+,131541,131606,+
4165,4091,-,3308,3234,-
2431,2372,-,2432,2373,-
170058,170147,+,139941,140030,+
168518,168480,-,139892,139854,-
16748,16870,+,14625,14747,+
127752,127636,-,106552,106436,-
95669,95589,-,61431,61511,+
94111,94152,+,62968,62927,-
151381,151440,+,50344,50285,-
167359,167397,+,45781,45743,-
167775,167837,+,37527,37465,-
143431,143520,+,121816,121905,+
151381,151440,+,128990,129049,+
164098,164178,+,7576,7496,-
167395,167354,-,139343,139302,-
151134,151087,-,128770,128723,-
46527,46706,+,41571,41750,+
118901,118791,-,99112,99002,-
50911,50976,+,45636,45701,+
151134,151087,-,50564,50611,+
102876,102808,-,56336,56404,+
106145,106059,-,81031,80945,-
85961,85993,+,72633,72601,-
65936,65898,-,66674,66636,-
57415,57377,-,66674,66636,-
61607,61578,-,79287,79316,+
57398,57445,+,89615,89662,+
110323,110367,+,90119,90163,+
75061,75153,+,90235,90327,+
151163,151213,+,50534,50484,-
153123,153152,+,48698,48669,-
50514,50407,-,47671,47564,-
43420,43343,-,38700,38623,-
135561,135677,+,114235,114351,+
23951,23913,-,22496,22458,-
151163,151213,+,128800,128850,+
153123,153152,+,130636,130665,+
22602,22564,-,131269,131307,+
15451,15323,-,135790,135918,+
16907,16719,-,136591,136779,+
165824,165672,-,138357,138205,-
7875,7913,+,136335,136297,-
150878,150834,-,128566,128522,-
123090,122908,-,102990,102808,-
115223,115164,-,95522,95463,-
150878,150834,-,50768,50812,+
100010,99966,-,57282,57326,+
56189,56326,+,83140,83003,-
61703,61849,+,79176,79030,-
88178,88213,+,76912,76947,+
95368,95427,+,86105,86164,+
23124,23053,-,133196,133267,+
16178,16207,+,12143,12172,+
151254,151207,-,128888,128841,-
19352,19450,+,14856,14954,+
139637,139488,-,118082,117933,-
29003,29209,+,24084,24290,+
35203,35250,+,30261,30308,+
116645,116619,-,96413,96387,-
111313,111236,-,91826,91749,-
151254,151207,-,50446,50493,+
102632,102600,-,56516,56548,+
64797,64750,-,83985,83938,-
60534,60608,+,79938,79864,-
68651,68607,-,69080,69036,-
81928,81845,-,74214,74297,+
100268,100387,+,87383,87502,+
53570,53508,-,53112,53050,-
151088,151135,+,50610,50563,-
36424,36299,-,31428,31303,-
53570,53508,-,126222,126284,+
151088,151135,+,128724,128771,+
157754,157783,+,131824,131853,+
170343,170444,+,7192,7091,-
8190,8137,-,4021,3968,-
7047,6991,-,3480,3424,-
3437,3508,+,135553,135482,-
5608,5691,+,134350,134267,-
157782,157753,-,131852,131823,-
167693,167640,-,131688,131635,-
24568,24615,+,19953,20000,+
26660,26725,+,22054,22119,+
117544,117512,-,110627,110595,-
38218,38274,+,33226,33282,+
155307,155212,-,35256,35351,+
114462,114412,-,101407,101357,-
100791,100714,-,94261,94184,-
110358,110317,-,90154,90113,-
65918,65992,+,80800,80726,-
57129,57173,+,67054,67098,+
64488,64444,-,69841,69797,-
86232,86137,-,72362,72457,+
56346,56396,+,77141,77191,+
67114,67073,-,79433,79474,+
151162,151200,+,50535,50497,-
151206,151238,+,50494,50462,-
50963,50910,-,45688,45635,-
49356,49333,-,44099,44076,-
60179,60156,-,100821,100844,+
42788,42666,-,37171,37049,-
125778,125951,+,104624,104797,+
130527,130580,+,109314,109367,+
133509,133613,+,112193,112297,+
59075,58971,-,113829,113933,+
145367,145426,+,123776,123835,+
151162,151200,+,128799,128837,+
151206,151238,+,128840,128872,+
34118,34020,-,134272,134370,+
52645,52683,+,134009,133971,-
49480,49542,+,133874,133812,-
150536,150483,-,128219,128166,-
145287,145240,-,123684,123637,-
105891,105814,-,98355,98278,-
49886,49933,+,44629,44676,+
111706,111629,-,94779,94702,-
52360,52470,+,47111,47221,+
150536,150483,-,51115,51168,+
65889,65927,+,77514,77476,-
92946,92887,-,69762,69821,+
90249,90338,+,69549,69460,-
70969,70928,-,77025,77066,+
54383,54321,-,62251,62189,-
95995,96030,+,61108,61073,-
89690,89728,+,83728,83766,+
59707,59642,-,54500,54435,-
150156,150200,+,51495,51451,-
121071,121151,+,101196,101276,+
127034,127126,+,105842,105934,+
40359,40261,-,34540,34442,-
129559,129612,+,108337,108390,+
37622,37563,-,32624,32565,-
133463,133606,+,112147,112290,+
23239,23177,-,18646,18584,-
21106,21053,-,14718,14665,-
161456,161491,+,13807,13772,-
150156,150200,+,127839,127883,+
32789,32727,-,129716,129778,+
6820,6791,-,3252,3223,-
161455,161375,-,137942,137862,-
161626,161576,-,4060,4110,+
157824,157792,-,131890,131858,-
168867,168826,-,19619,19660,+
162205,162182,-,27735,27758,+
158876,158811,-,29131,29196,+
118485,118408,-,111986,111909,-
124213,124100,-,104072,103959,-
164031,163978,-,39334,39387,+
117183,117139,-,97448,97404,-
51725,51775,+,46456,46506,+
95851,95822,-,61252,61281,+
71379,71486,+,79633,79526,-
94401,94339,-,62678,62740,+
90104,90000,-,69691,69795,+
88501,88563,+,71588,71526,-
62819,62772,-,65056,65009,-
100319,100263,-,59175,59119,-
136252,136329,+,54178,54101,-
42533,42513,-,36874,36854,-
38699,38655,-,33698,33654,-
140091,140171,+,118563,118643,+
41346,41272,-,129762,129836,+
157795,157824,+,131861,131890,+
11212,11159,-,7373,7320,-
168081,168113,+,135493,135525,+
10573,10547,-,138828,138854,+
165315,165413,+,1548,1450,-
518,453,-,542,477,-
3944,4000,+,140263,140207,-
6790,6822,+,3222,3254,+
165760,165725,-,138293,138258,-
155404,155375,-,137997,137968,-
161161,161039,-,136528,136406,-
135995,135900,-,125071,124976,-
21489,21554,+,16929,16994,+
137806,137741,-,116468,116403,-
129754,129689,-,107663,107598,-
118983,118951,-,99200,99168,-
158781,158707,-,44575,44649,+
113438,113394,-,93816,93772,-
93722,93681,-,87501,87460,-
89790,89746,-,84975,84931,-
89160,89240,+,69861,69781,-
84091,84065,-,73097,73123,+
87693,87737,+,75016,75060,+
58182,58153,-,64540,64511,-
74005,73973,-,78473,78505,+
62802,62740,-,81514,81576,+
55265,55212,-,58901,58848,-
65968,65939,-,84032,84061,+
57447,57418,-,84032,84061,+
53968,53912,-,57482,57426,-
114889,114927,+,54283,54245,-
107685,107753,+,88920,88988,+
112424,112468,+,93217,93261,+
46238,46152,-,41285,41199,-
155543,155650,+,38306,38199,-
160688,160729,+,31703,31662,-
169061,169129,+,23921,23853,-
147948,148016,+,125724,125792,+
46328,46251,-,128912,128989,+
16149,16096,-,12110,12057,-
40133,40107,-,131353,131379,+
157753,157785,+,131823,131855,+
38760,38698,-,133083,133145,+
2549,2469,-,2547,2467,-
2222,2088,-,2229,2095,-
6461,6390,-,141055,141126,+
8297,8359,+,4786,4848,+
160832,160788,-,5492,5536,+
12777,12830,+,135736,135683,-
168855,168820,-,6021,6056,+
156969,156898,-,6374,6445,+
155301,155218,-,132918,132835,-
152592,152533,-,130105,130046,-
151217,151158,-,128854,128795,-
135988,135932,-,114662,114606,-
31706,31771,+,27185,27250,+
154440,154405,-,29797,29832,+
153883,153845,-,30822,30860,+
166221,166171,-,38119,38169,+
152592,152533,-,49229,49288,+
151217,151158,-,50480,50539,+
120282,120184,-,54604,54702,+
64177,64215,+,81137,81099,-
82916,82872,-,76203,76159,-
79954,80001,+,75866,75819,-
69509,69453,-,70211,70155,-
53922,53957,+,72815,72850,+
102432,102349,-,68211,68128,-
83186,83166,-,73930,73950,+
57438,57382,-,64085,64029,-
95148,95110,-,59125,59087,-
60695,60669,-,56229,56203,-
46001,45894,-,47575,47468,-
117960,118067,+,98178,98285,+
40786,40712,-,39347,39273,-
54670,54578,-,110616,110708,+
56806,56777,-,114127,114156,+
138585,138671,+,117081,117167,+
139673,139705,+,118118,118150,+
141108,141161,+,119580,119633,+
56722,56687,-,120635,120670,+
20531,20445,-,16310,16224,-
18978,18922,-,14608,14552,-
29326,29267,-,129954,130013,+
38062,38027,-,132157,132192,+
21676,21620,-,133053,133109,+
4151,4077,-,3846,3772,-
10129,10097,-,138258,138290,+
462,424,-,2395,2357,-
148579,149208,+,53036,52407,-
148579,149208,+,126298,126927,+
149231,149704,+,52386,51913,-
149231,149704,+,126948,127421,+
148300,148515,+,53267,53052,-
148300,148515,+,126067,126282,+
134364,134696,+,113040,113372,+
149650,149733,+,127366,127449,+
10884,11057,+,7033,7206,+
40184,40387,+,34881,35084,+
53675,53773,+,53170,53268,+
20156,20362,+,15596,15802,+
140416,140550,+,118876,119010,+
136580,136828,+,115248,115496,+
1085,1303,+,1112,1330,+
150369,150437,+,128052,128120,+
44049,44267,+,39329,39547,+
40116,40181,+,34552,34617,+
111035,111097,+,56360,56422,+
150837,150887,+,128525,128575,+
117886,118035,+,65707,65856,+
34934,35005,+,30372,30443,+
118431,118460,+,73374,73403,+
44286,44336,+,39566,39616,+
124193,124240,+,94371,94418,+
150005,150052,+,127688,127735,+
114149,114220,+,57919,57990,+
3662,3739,+,5186,5263,+
16080,16181,+,12041,12142,+
121954,122040,+,82392,82478,+
152750,152779,+,138837,138866,+
38511,38558,+,33516,33563,+
41705,41758,+,36046,36099,+
26992,27042,+,28796,28846,+
106216,106257,+,54819,54860,+
149102,149167,+,124161,124226,+
153044,153088,+,139139,139183,+
44366,44446,+,39898,39978,+
52548,52586,+,45500,45538,+
82010,82072,+,53621,53683,+
85458,85505,+,53986,54033,+
96450,96515,+,54604,54669,+
125008,125073,+,99230,99295,+
126512,126592,+,110527,110607,+
43484,43540,+,36533,36589,+
155996,156043,+,139687,139734,+
78226,78294,+,53352,53420,+
95816,95863,+,54537,54584,+
107467,107502,+,55194,55229,+
119034,119093,+,74605,74664,+
150536,150366,-,128219,128049,-
150536,150366,-,51115,51285,+
149650,149733,+,51968,51885,-
134880,134824,-,69927,69871,-
134745,134554,-,69840,69649,-
